chapter,md_file,slide_id,slide_title,need_image,image_priority,image_role,image_type,concept_keywords_zh,concept_keywords_en,search_query_zh,search_query_en,preferred_source_type,avoid_source_type,license_requirement,suggested_caption_zh,insertion_position,layout_hint,reason,existing_image_detected,notes
ch02,第2章_Python数据处理与材料数据预处理_100页_Marp.md,1,第2章Python数据处理与材料数据预处理,yes,medium,数据流程,flowchart,数据采集；数据清洗；数据预处理；缺失值；异常值；数据标准化；数据流；Python 数据处理 材料数据预处理,Pandas; NumPy; CSV; Python data preprocessing materials dataset workflow,Python Pandas 数据预处理 数据清洗 流程图 第2章Python数据处理与材料数据预处理,Python pandas data preprocessing workflow missing values feature scaling diagram Python data preprocessing materials dataset workflow,official documentation; open educational resource; open access paper; Wikimedia Commons; university course material; government/lab source,AI-generated image; stock photo; watermark image; commercial copyrighted slide; low-resolution blog image,prefer CC BY/CC BY-SA/public domain/official reusable image; record attribution,第2章Python数据处理与材料数据预处理的教学示意图,bottom,底部横向流程图,本页涉及数据流程相关概念，配图有助于把抽象关系转化为可视化教学对象。,no,关键词命中：数据预处理。
ch02,第2章_Python数据处理与材料数据预处理_100页_Marp.md,2,本章学习目标,no,none,,,,,,,,,,,none,不建议插图,封面、目录、过渡或总结类页面通常以文字结构为主，避免装饰性配图。,no,可人工判断是否需要主题图。
ch02,第2章_Python数据处理与材料数据预处理_100页_Marp.md,3,本章知识主线,yes,high,数据流程,flowchart,数据采集；数据清洗；数据预处理；缺失值；异常值；数据标准化；数据流；Python 数据处理 材料数据预处理,Pandas; NumPy; CSV; Python data preprocessing materials dataset workflow,Python Pandas 数据预处理 数据清洗 流程图 本章知识主线,Python pandas data preprocessing workflow missing values feature scaling diagram Python data preprocessing materials dataset workflow,official documentation; open educational resource; open access paper; Wikimedia Commons; university course material; government/lab source,AI-generated image; stock photo; watermark image; commercial copyrighted slide; low-resolution blog image,prefer CC BY/CC BY-SA/public domain/official reusable image; record attribution,本章知识主线的教学示意图,bottom,底部横向流程图,本页涉及数据流程相关概念，配图有助于把抽象关系转化为可视化教学对象。,no,关键词命中：Pandas；NumPy。
ch02,第2章_Python数据处理与材料数据预处理_100页_Marp.md,4,课堂导入：为什么先讲数据预处理？,yes,high,材料组织,microscopy,显微组织；晶粒；组织识别；金相；Python 数据处理 材料数据预处理,microstructure; SEM; EBSD; Python data preprocessing materials dataset workflow,材料显微组织识别 图像 课堂导入：为什么先讲数据预处理？,materials microstructure recognition microscopy image Python data preprocessing materials dataset workflow,official documentation; open educational resource; open access paper; Wikimedia Commons; university course material; government/lab source,AI-generated image; stock photo; watermark image; commercial copyrighted slide; low-resolution blog image,prefer CC BY/CC BY-SA/public domain/official reusable image; record attribution,课堂导入：为什么先讲数据预处理？的教学示意图,right,右侧 40% 宽度,本页涉及材料组织相关概念，配图有助于把抽象关系转化为可视化教学对象。,no,关键词命中：显微组织；晶粒。
ch02,第2章_Python数据处理与材料数据预处理_100页_Marp.md,5,从材料数据到机器学习样本,no,none,,,,,,,,,,,none,不建议插图,本页文字信息已能支撑讲解，或页面内容较密，插图可能降低可读性。,no,
ch02,第2章_Python数据处理与材料数据预处理_100页_Marp.md,6,目录,no,none,,,,,,,,,,,none,不建议插图,封面、目录、过渡或总结类页面通常以文字结构为主，避免装饰性配图。,no,可人工判断是否需要主题图。
ch02,第2章_Python数据处理与材料数据预处理_100页_Marp.md,7,2.1 Python科学计算环境简介,no,none,,,,,,,,,,,none,不建议插图,本页文字信息已能支撑讲解，或页面内容较密，插图可能降低可读性。,no,
ch02,第2章_Python数据处理与材料数据预处理_100页_Marp.md,8,2.1 的学习任务,yes,high,数据流程,flowchart,数据采集；数据清洗；数据预处理；缺失值；异常值；数据标准化；数据流；Python 数据处理 材料数据预处理,Pandas; NumPy; CSV; Python data preprocessing materials dataset workflow,Python Pandas 数据预处理 数据清洗 流程图 2.1 的学习任务,Python pandas data preprocessing workflow missing values feature scaling diagram Python data preprocessing materials dataset workflow,official documentation; open educational resource; open access paper; Wikimedia Commons; university course material; government/lab source,AI-generated image; stock photo; watermark image; commercial copyrighted slide; low-resolution blog image,prefer CC BY/CC BY-SA/public domain/official reusable image; record attribution,2.1 的学习任务的教学示意图,bottom,底部横向流程图,本页涉及数据流程相关概念，配图有助于把抽象关系转化为可视化教学对象。,no,关键词命中：Pandas；NumPy。
ch02,第2章_Python数据处理与材料数据预处理_100页_Marp.md,9,Python在科学计算中的定位,yes,high,数据流程,flowchart,数据采集；数据清洗；数据预处理；缺失值；异常值；数据标准化；数据流；Python 数据处理 材料数据预处理,Pandas; NumPy; CSV; Python data preprocessing materials dataset workflow,Python Pandas 数据预处理 数据清洗 流程图 Python在科学计算中的定位,Python pandas data preprocessing workflow missing values feature scaling diagram Python data preprocessing materials dataset workflow,official documentation; open educational resource; open access paper; Wikimedia Commons; university course material; government/lab source,AI-generated image; stock photo; watermark image; commercial copyrighted slide; low-resolution blog image,prefer CC BY/CC BY-SA/public domain/official reusable image; record attribution,Python在科学计算中的定位的教学示意图,bottom,底部横向流程图,本页涉及数据流程相关概念，配图有助于把抽象关系转化为可视化教学对象。,no,关键词命中：Pandas；NumPy。
ch02,第2章_Python数据处理与材料数据预处理_100页_Marp.md,10,科学计算环境的基本组成,yes,high,数据流程,flowchart,数据采集；数据清洗；数据预处理；缺失值；异常值；数据标准化；数据流；Python 数据处理 材料数据预处理,Pandas; NumPy; CSV; Python data preprocessing materials dataset workflow,Python Pandas 数据预处理 数据清洗 流程图 科学计算环境的基本组成,Python pandas data preprocessing workflow missing values feature scaling diagram Python data preprocessing materials dataset workflow,official documentation; open educational resource; open access paper; Wikimedia Commons; university course material; government/lab source,AI-generated image; stock photo; watermark image; commercial copyrighted slide; low-resolution blog image,prefer CC BY/CC BY-SA/public domain/official reusable image; record attribution,科学计算环境的基本组成的教学示意图,bottom,底部横向流程图,本页涉及数据流程相关概念，配图有助于把抽象关系转化为可视化教学对象。,no,关键词命中：Pandas；NumPy。
ch02,第2章_Python数据处理与材料数据预处理_100页_Marp.md,11,解释器、包和环境,yes,high,数据流程,flowchart,数据采集；数据清洗；数据预处理；缺失值；异常值；数据标准化；数据流；Python 数据处理 材料数据预处理,Pandas; NumPy; CSV; Python data preprocessing materials dataset workflow,Python Pandas 数据预处理 数据清洗 流程图 解释器、包和环境,Python pandas data preprocessing workflow missing values feature scaling diagram Python data preprocessing materials dataset workflow,official documentation; open educational resource; open access paper; Wikimedia Commons; university course material; government/lab source,AI-generated image; stock photo; watermark image; commercial copyrighted slide; low-resolution blog image,prefer CC BY/CC BY-SA/public domain/official reusable image; record attribution,解释器、包和环境的教学示意图,bottom,底部横向流程图,本页涉及数据流程相关概念，配图有助于把抽象关系转化为可视化教学对象。,no,关键词命中：Pandas；NumPy。
ch02,第2章_Python数据处理与材料数据预处理_100页_Marp.md,12,Conda与pip的角色,yes,high,数据流程,flowchart,数据采集；数据清洗；数据预处理；缺失值；异常值；数据标准化；数据流；Python 数据处理 材料数据预处理,Pandas; NumPy; CSV; Python data preprocessing materials dataset workflow,Python Pandas 数据预处理 数据清洗 流程图 Conda与pip的角色,Python pandas data preprocessing workflow missing values feature scaling diagram Python data preprocessing materials dataset workflow,official documentation; open educational resource; open access paper; Wikimedia Commons; university course material; government/lab source,AI-generated image; stock photo; watermark image; commercial copyrighted slide; low-resolution blog image,prefer CC BY/CC BY-SA/public domain/official reusable image; record attribution,Conda与pip的角色的教学示意图,bottom,底部横向流程图,本页涉及数据流程相关概念，配图有助于把抽象关系转化为可视化教学对象。,no,关键词命中：Pandas；NumPy。
ch02,第2章_Python数据处理与材料数据预处理_100页_Marp.md,13,Jupyter Notebook适合做什么？,yes,low,概念示意,schematic,Jupyter Notebook适合做什么？；Python 数据处理 材料数据预处理,Python data preprocessing materials dataset workflow; concept diagram,Python 数据处理 材料数据预处理 Jupyter Notebook适合做什么？ 教学示意图,Python data preprocessing materials dataset workflow Jupyter Notebook适合做什么？ concept diagram open educational resource,official documentation; open educational resource; open access paper; Wikimedia Commons; university course material; government/lab source,AI-generated image; stock photo; watermark image; commercial copyrighted slide; low-resolution blog image,prefer CC BY/CC BY-SA/public domain/official reusable image; record attribution,Jupyter Notebook适合做什么？的教学示意图,right,右侧 35% 宽度,本页包含较抽象的框架、流程或应用关系，可用简洁示意图辅助讲解。,no,低优先级，建议人工审核是否确有必要。
ch02,第2章_Python数据处理与材料数据预处理_100页_Marp.md,14,脚本文件适合做什么？,yes,medium,数据流程,flowchart,数据采集；数据清洗；数据预处理；缺失值；异常值；数据标准化；数据流；Python 数据处理 材料数据预处理,Pandas; NumPy; CSV; Python data preprocessing materials dataset workflow,Python Pandas 数据预处理 数据清洗 流程图 脚本文件适合做什么？,Python pandas data preprocessing workflow missing values feature scaling diagram Python data preprocessing materials dataset workflow,official documentation; open educational resource; open access paper; Wikimedia Commons; university course material; government/lab source,AI-generated image; stock photo; watermark image; commercial copyrighted slide; low-resolution blog image,prefer CC BY/CC BY-SA/public domain/official reusable image; record attribution,脚本文件适合做什么？的教学示意图,bottom,底部横向流程图,本页涉及数据流程相关概念，配图有助于把抽象关系转化为可视化教学对象。,no,关键词命中：数据清洗。
ch02,第2章_Python数据处理与材料数据预处理_100页_Marp.md,15,材料数据项目的最小目录结构,no,none,,,,,,,,,,,none,不建议插图,封面、目录、过渡或总结类页面通常以文字结构为主，避免装饰性配图。,no,可人工判断是否需要主题图。
ch02,第2章_Python数据处理与材料数据预处理_100页_Marp.md,16,第一个可运行示例,yes,high,数据流程,flowchart,数据采集；数据清洗；数据预处理；缺失值；异常值；数据标准化；数据流；Python 数据处理 材料数据预处理,Pandas; NumPy; CSV; Python data preprocessing materials dataset workflow,Python Pandas 数据预处理 数据清洗 流程图 第一个可运行示例,Python pandas data preprocessing workflow missing values feature scaling diagram Python data preprocessing materials dataset workflow,official documentation; open educational resource; open access paper; Wikimedia Commons; university course material; government/lab source,AI-generated image; stock photo; watermark image; commercial copyrighted slide; low-resolution blog image,prefer CC BY/CC BY-SA/public domain/official reusable image; record attribution,第一个可运行示例的教学示意图,bottom,底部横向流程图,本页涉及数据流程相关概念，配图有助于把抽象关系转化为可视化教学对象。,no,关键词命中：Pandas；NumPy。
ch02,第2章_Python数据处理与材料数据预处理_100页_Marp.md,17,科学计算环境小结,no,none,,,,,,,,,,,none,不建议插图,封面、目录、过渡或总结类页面通常以文字结构为主，避免装饰性配图。,no,可人工判断是否需要主题图。
ch02,第2章_Python数据处理与材料数据预处理_100页_Marp.md,18,2.2 NumPy、Pandas与Matplotlib基础,yes,high,数据流程,flowchart,数据采集；数据清洗；数据预处理；缺失值；异常值；数据标准化；数据流；Python 数据处理 材料数据预处理,Pandas; NumPy; CSV; Python data preprocessing materials dataset workflow,Python Pandas 数据预处理 数据清洗 流程图 2.2 NumPy、Pandas与Matplotlib基础,Python pandas data preprocessing workflow missing values feature scaling diagram Python data preprocessing materials dataset workflow,official documentation; open educational resource; open access paper; Wikimedia Commons; university course material; government/lab source,AI-generated image; stock photo; watermark image; commercial copyrighted slide; low-resolution blog image,prefer CC BY/CC BY-SA/public domain/official reusable image; record attribution,2.2 NumPy、Pandas与Matplotlib基础的教学示意图,bottom,底部横向流程图,本页涉及数据流程相关概念，配图有助于把抽象关系转化为可视化教学对象。,no,关键词命中：Pandas；NumPy。
ch02,第2章_Python数据处理与材料数据预处理_100页_Marp.md,19,2.2 的学习任务,yes,high,数据流程,flowchart,数据采集；数据清洗；数据预处理；缺失值；异常值；数据标准化；数据流；Python 数据处理 材料数据预处理,Pandas; NumPy; CSV; Python data preprocessing materials dataset workflow,Python Pandas 数据预处理 数据清洗 流程图 2.2 的学习任务,Python pandas data preprocessing workflow missing values feature scaling diagram Python data preprocessing materials dataset workflow,official documentation; open educational resource; open access paper; Wikimedia Commons; university course material; government/lab source,AI-generated image; stock photo; watermark image; commercial copyrighted slide; low-resolution blog image,prefer CC BY/CC BY-SA/public domain/official reusable image; record attribution,2.2 的学习任务的教学示意图,bottom,底部横向流程图,本页涉及数据流程相关概念，配图有助于把抽象关系转化为可视化教学对象。,no,关键词命中：缺失值；Pandas；NumPy。
ch02,第2章_Python数据处理与材料数据预处理_100页_Marp.md,20,NumPy：从列表到数组,yes,medium,数据流程,flowchart,数据采集；数据清洗；数据预处理；缺失值；异常值；数据标准化；数据流；Python 数据处理 材料数据预处理,Pandas; NumPy; CSV; Python data preprocessing materials dataset workflow,Python Pandas 数据预处理 数据清洗 流程图 NumPy：从列表到数组,Python pandas data preprocessing workflow missing values feature scaling diagram Python data preprocessing materials dataset workflow,official documentation; open educational resource; open access paper; Wikimedia Commons; university course material; government/lab source,AI-generated image; stock photo; watermark image; commercial copyrighted slide; low-resolution blog image,prefer CC BY/CC BY-SA/public domain/official reusable image; record attribution,NumPy：从列表到数组的教学示意图,bottom,底部横向流程图,本页涉及数据流程相关概念，配图有助于把抽象关系转化为可视化教学对象。,no,关键词命中：NumPy。
ch02,第2章_Python数据处理与材料数据预处理_100页_Marp.md,21,数组维度：标量、向量、矩阵、张量,yes,medium,材料组织,microscopy,显微组织；晶粒；组织识别；金相；Python 数据处理 材料数据预处理,microstructure; SEM; EBSD; Python data preprocessing materials dataset workflow,材料显微组织识别 图像 数组维度：标量、向量、矩阵、张量,materials microstructure recognition microscopy image Python data preprocessing materials dataset workflow,official documentation; open educational resource; open access paper; Wikimedia Commons; university course material; government/lab source,AI-generated image; stock photo; watermark image; commercial copyrighted slide; low-resolution blog image,prefer CC BY/CC BY-SA/public domain/official reusable image; record attribution,数组维度：标量、向量、矩阵、张量的教学示意图,right,右侧 40% 宽度,本页涉及材料组织相关概念，配图有助于把抽象关系转化为可视化教学对象。,no,关键词命中：显微组织。
ch02,第2章_Python数据处理与材料数据预处理_100页_Marp.md,22,材料成分向量示例,yes,medium,数据流程,flowchart,数据采集；数据清洗；数据预处理；缺失值；异常值；数据标准化；数据流；Python 数据处理 材料数据预处理,Pandas; NumPy; CSV; Python data preprocessing materials dataset workflow,Python Pandas 数据预处理 数据清洗 流程图 材料成分向量示例,Python pandas data preprocessing workflow missing values feature scaling diagram Python data preprocessing materials dataset workflow,official documentation; open educational resource; open access paper; Wikimedia Commons; university course material; government/lab source,AI-generated image; stock photo; watermark image; commercial copyrighted slide; low-resolution blog image,prefer CC BY/CC BY-SA/public domain/official reusable image; record attribution,材料成分向量示例的教学示意图,bottom,底部横向流程图,本页涉及数据流程相关概念，配图有助于把抽象关系转化为可视化教学对象。,no,关键词命中：NumPy。
ch02,第2章_Python数据处理与材料数据预处理_100页_Marp.md,23,NumPy向量化计算,yes,medium,数据流程,flowchart,数据采集；数据清洗；数据预处理；缺失值；异常值；数据标准化；数据流；Python 数据处理 材料数据预处理,Pandas; NumPy; CSV; Python data preprocessing materials dataset workflow,Python Pandas 数据预处理 数据清洗 流程图 NumPy向量化计算,Python pandas data preprocessing workflow missing values feature scaling diagram Python data preprocessing materials dataset workflow,official documentation; open educational resource; open access paper; Wikimedia Commons; university course material; government/lab source,AI-generated image; stock photo; watermark image; commercial copyrighted slide; low-resolution blog image,prefer CC BY/CC BY-SA/public domain/official reusable image; record attribution,NumPy向量化计算的教学示意图,bottom,底部横向流程图,本页涉及数据流程相关概念，配图有助于把抽象关系转化为可视化教学对象。,no,关键词命中：NumPy。
ch02,第2章_Python数据处理与材料数据预处理_100页_Marp.md,24,广播机制：数组形状自动匹配,yes,high,数据流程,flowchart,数据采集；数据清洗；数据预处理；缺失值；异常值；数据标准化；数据流；Python 数据处理 材料数据预处理,Pandas; NumPy; CSV; Python data preprocessing materials dataset workflow,Python Pandas 数据预处理 数据清洗 流程图 广播机制：数组形状自动匹配,Python pandas data preprocessing workflow missing values feature scaling diagram Python data preprocessing materials dataset workflow,official documentation; open educational resource; open access paper; Wikimedia Commons; university course material; government/lab source,AI-generated image; stock photo; watermark image; commercial copyrighted slide; low-resolution blog image,prefer CC BY/CC BY-SA/public domain/official reusable image; record attribution,广播机制：数组形状自动匹配的教学示意图,bottom,底部横向流程图,本页涉及数据流程相关概念，配图有助于把抽象关系转化为可视化教学对象。,no,关键词命中：NumPy。
ch02,第2章_Python数据处理与材料数据预处理_100页_Marp.md,25,NumPy常用统计函数,yes,medium,数据流程,flowchart,数据采集；数据清洗；数据预处理；缺失值；异常值；数据标准化；数据流；Python 数据处理 材料数据预处理,Pandas; NumPy; CSV; Python data preprocessing materials dataset workflow,Python Pandas 数据预处理 数据清洗 流程图 NumPy常用统计函数,Python pandas data preprocessing workflow missing values feature scaling diagram Python data preprocessing materials dataset workflow,official documentation; open educational resource; open access paper; Wikimedia Commons; university course material; government/lab source,AI-generated image; stock photo; watermark image; commercial copyrighted slide; low-resolution blog image,prefer CC BY/CC BY-SA/public domain/official reusable image; record attribution,NumPy常用统计函数的教学示意图,bottom,底部横向流程图,本页涉及数据流程相关概念，配图有助于把抽象关系转化为可视化教学对象。,no,关键词命中：NumPy。
ch02,第2章_Python数据处理与材料数据预处理_100页_Marp.md,26,Pandas：表格数据的核心工具,yes,high,数据流程,flowchart,数据采集；数据清洗；数据预处理；缺失值；异常值；数据标准化；数据流；Python 数据处理 材料数据预处理,Pandas; NumPy; CSV; Python data preprocessing materials dataset workflow,Python Pandas 数据预处理 数据清洗 流程图 Pandas：表格数据的核心工具,Python pandas data preprocessing workflow missing values feature scaling diagram Python data preprocessing materials dataset workflow,official documentation; open educational resource; open access paper; Wikimedia Commons; university course material; government/lab source,AI-generated image; stock photo; watermark image; commercial copyrighted slide; low-resolution blog image,prefer CC BY/CC BY-SA/public domain/official reusable image; record attribution,Pandas：表格数据的核心工具的教学示意图,bottom,底部横向流程图,本页涉及数据流程相关概念，配图有助于把抽象关系转化为可视化教学对象。,no,关键词命中：缺失值；Pandas。
ch02,第2章_Python数据处理与材料数据预处理_100页_Marp.md,27,DataFrame的结构,no,none,,,,,,,,,,,none,不建议插图,本页文字信息已能支撑讲解，或页面内容较密，插图可能降低可读性。,no,
ch02,第2章_Python数据处理与材料数据预处理_100页_Marp.md,28,读取CSV和Excel数据,yes,high,数据流程,flowchart,数据采集；数据清洗；数据预处理；缺失值；异常值；数据标准化；数据流；Python 数据处理 材料数据预处理,Pandas; NumPy; CSV; Python data preprocessing materials dataset workflow,Python Pandas 数据预处理 数据清洗 流程图 读取CSV和Excel数据,Python pandas data preprocessing workflow missing values feature scaling diagram Python data preprocessing materials dataset workflow,official documentation; open educational resource; open access paper; Wikimedia Commons; university course material; government/lab source,AI-generated image; stock photo; watermark image; commercial copyrighted slide; low-resolution blog image,prefer CC BY/CC BY-SA/public domain/official reusable image; record attribution,读取CSV和Excel数据的教学示意图,bottom,底部横向流程图,本页涉及数据流程相关概念，配图有助于把抽象关系转化为可视化教学对象。,no,关键词命中：Pandas；CSV。
ch02,第2章_Python数据处理与材料数据预处理_100页_Marp.md,29,选择行、列与条件筛选,no,none,,,,,,,,,,,none,不建议插图,本页文字信息已能支撑讲解，或页面内容较密，插图可能降低可读性。,no,
ch02,第2章_Python数据处理与材料数据预处理_100页_Marp.md,30,新增列：从原始变量到派生特征,yes,high,数据流程,flowchart,数据采集；数据清洗；数据预处理；缺失值；异常值；数据标准化；数据流；Python 数据处理 材料数据预处理,Pandas; NumPy; CSV; Python data preprocessing materials dataset workflow,Python Pandas 数据预处理 数据清洗 流程图 新增列：从原始变量到派生特征,Python pandas data preprocessing workflow missing values feature scaling diagram Python data preprocessing materials dataset workflow,official documentation; open educational resource; open access paper; Wikimedia Commons; university course material; government/lab source,AI-generated image; stock photo; watermark image; commercial copyrighted slide; low-resolution blog image,prefer CC BY/CC BY-SA/public domain/official reusable image; record attribution,新增列：从原始变量到派生特征的教学示意图,bottom,底部横向流程图,本页涉及数据流程相关概念，配图有助于把抽象关系转化为可视化教学对象。,no,关键词命中：数据预处理；NumPy。
ch02,第2章_Python数据处理与材料数据预处理_100页_Marp.md,31,分组统计：按材料类别或工艺分组,no,none,,,,,,,,,,,none,不建议插图,本页以代码阅读或演示为主，插图可能挤压 4:3 板书式排版空间。,no,若后续需要运行结果截图，可人工补充。
ch02,第2章_Python数据处理与材料数据预处理_100页_Marp.md,32,Matplotlib：从数据到图形,no,none,,,,,,,,,,,none,不建议插图,本页以代码阅读或演示为主，插图可能挤压 4:3 板书式排版空间。,no,若后续需要运行结果截图，可人工补充。
ch02,第2章_Python数据处理与材料数据预处理_100页_Marp.md,33,Figure与Axes的概念,no,none,,,,,,,,,,,none,不建议插图,本页文字信息已能支撑讲解，或页面内容较密，插图可能降低可读性。,no,
ch02,第2章_Python数据处理与材料数据预处理_100页_Marp.md,34,三个工具如何协同？,yes,high,数据流程,flowchart,数据采集；数据清洗；数据预处理；缺失值；异常值；数据标准化；数据流；Python 数据处理 材料数据预处理,Pandas; NumPy; CSV; Python data preprocessing materials dataset workflow,Python Pandas 数据预处理 数据清洗 流程图 三个工具如何协同？,Python pandas data preprocessing workflow missing values feature scaling diagram Python data preprocessing materials dataset workflow,official documentation; open educational resource; open access paper; Wikimedia Commons; university course material; government/lab source,AI-generated image; stock photo; watermark image; commercial copyrighted slide; low-resolution blog image,prefer CC BY/CC BY-SA/public domain/official reusable image; record attribution,三个工具如何协同？的教学示意图,bottom,底部横向流程图,本页涉及数据流程相关概念，配图有助于把抽象关系转化为可视化教学对象。,no,关键词命中：Pandas；NumPy；CSV。
ch02,第2章_Python数据处理与材料数据预处理_100页_Marp.md,35,2.2 小结,no,none,,,,,,,,,,,none,不建议插图,封面、目录、过渡或总结类页面通常以文字结构为主，避免装饰性配图。,no,可人工判断是否需要主题图。
ch02,第2章_Python数据处理与材料数据预处理_100页_Marp.md,36,2.3 材料数据类型,no,none,,,,,,,,,,,none,不建议插图,本页文字信息已能支撑讲解，或页面内容较密，插图可能降低可读性。,no,
ch02,第2章_Python数据处理与材料数据预处理_100页_Marp.md,37,2.3 的学习任务,yes,medium,算法流程,algorithm_diagram,神经网络；卷积；注意力；深度学习；多模态；编码器；解码器；Python 数据处理 材料数据预处理,CNN; RNN; Transformer; embedding; Python data preprocessing materials dataset workflow,神经网络 Transformer 注意力机制 CNN 架构图 2.3 的学习任务,neural network architecture Transformer attention mechanism CNN diagram Python data preprocessing materials dataset workflow,official documentation; open educational resource; open access paper; Wikimedia Commons; university course material; government/lab source,AI-generated image; stock photo; watermark image; commercial copyrighted slide; low-resolution blog image,prefer CC BY/CC BY-SA/public domain/official reusable image; record attribution,2.3 的学习任务的教学示意图,bottom,底部横向流程图,本页涉及深度学习相关概念，配图有助于把抽象关系转化为可视化教学对象。,no,关键词命中：多模态。
ch02,第2章_Python数据处理与材料数据预处理_100页_Marp.md,38,材料数据的“结构—工艺—性能”框架,yes,low,概念示意,schematic,材料数据的“结构—工艺—性能”框架；Python 数据处理 材料数据预处理,Python data preprocessing materials dataset workflow; concept diagram,Python 数据处理 材料数据预处理 材料数据的“结构—工艺—性能”框架 教学示意图,Python data preprocessing materials dataset workflow 材料数据的“结构—工艺—性能”框架 concept diagram open educational resource,official documentation; open educational resource; open access paper; Wikimedia Commons; university course material; government/lab source,AI-generated image; stock photo; watermark image; commercial copyrighted slide; low-resolution blog image,prefer CC BY/CC BY-SA/public domain/official reusable image; record attribution,材料数据的“结构—工艺—性能”框架的教学示意图,right,右侧 35% 宽度,本页包含较抽象的框架、流程或应用关系，可用简洁示意图辅助讲解。,no,低优先级，建议人工审核是否确有必要。
ch02,第2章_Python数据处理与材料数据预处理_100页_Marp.md,39,成分数据：材料最基本的输入,no,none,,,,,,,,,,,none,不建议插图,本页文字信息已能支撑讲解，或页面内容较密，插图可能降低可读性。,no,
ch02,第2章_Python数据处理与材料数据预处理_100页_Marp.md,40,成分数据表的推荐格式,no,none,,,,,,,,,,,none,不建议插图,本页文字信息已能支撑讲解，或页面内容较密，插图可能降低可读性。,no,
ch02,第2章_Python数据处理与材料数据预处理_100页_Marp.md,41,成分归一化,yes,medium,数据流程,flowchart,数据采集；数据清洗；数据预处理；缺失值；异常值；数据标准化；数据流；Python 数据处理 材料数据预处理,Pandas; NumPy; CSV; Python data preprocessing materials dataset workflow,Python Pandas 数据预处理 数据清洗 流程图 成分归一化,Python pandas data preprocessing workflow missing values feature scaling diagram Python data preprocessing materials dataset workflow,official documentation; open educational resource; open access paper; Wikimedia Commons; university course material; government/lab source,AI-generated image; stock photo; watermark image; commercial copyrighted slide; low-resolution blog image,prefer CC BY/CC BY-SA/public domain/official reusable image; record attribution,成分归一化的教学示意图,bottom,底部横向流程图,本页涉及数据流程相关概念，配图有助于把抽象关系转化为可视化教学对象。,no,关键词命中：Pandas。
ch02,第2章_Python数据处理与材料数据预处理_100页_Marp.md,42,wt.% 与 at.% 的转换思想,yes,medium,模拟结果,simulation,相场；相图；分子动力学；有限元；高通量；材料数据库；材料基因；Python 数据处理 材料数据预处理,CALPHAD; Materials Project; phase-field; phase diagram; DFT; Python data preprocessing materials dataset workflow,材料信息学 CALPHAD 相图 高通量材料设计 wt.% 与 at.% 的转换思想,materials informatics CALPHAD phase diagram high-throughput materials design Python data preprocessing materials dataset workflow,official documentation; open educational resource; open access paper; Wikimedia Commons; university course material; government/lab source,AI-generated image; stock photo; watermark image; commercial copyrighted slide; low-resolution blog image,prefer CC BY/CC BY-SA/public domain/official reusable image; record attribution,wt.% 与 at.% 的转换思想的教学示意图,right,右侧 40% 宽度,本页涉及材料应用相关概念，配图有助于把抽象关系转化为可视化教学对象。,no,关键词命中：相图。
ch02,第2章_Python数据处理与材料数据预处理_100页_Marp.md,43,wt.% 到 at.% 的Python示例,yes,medium,数据流程,flowchart,数据采集；数据清洗；数据预处理；缺失值；异常值；数据标准化；数据流；Python 数据处理 材料数据预处理,Pandas; NumPy; CSV; Python data preprocessing materials dataset workflow,Python Pandas 数据预处理 数据清洗 流程图 wt.% 到 at.% 的Python示例,Python pandas data preprocessing workflow missing values feature scaling diagram Python data preprocessing materials dataset workflow,official documentation; open educational resource; open access paper; Wikimedia Commons; university course material; government/lab source,AI-generated image; stock photo; watermark image; commercial copyrighted slide; low-resolution blog image,prefer CC BY/CC BY-SA/public domain/official reusable image; record attribution,wt.% 到 at.% 的Python示例的教学示意图,bottom,底部横向流程图,本页涉及数据流程相关概念，配图有助于把抽象关系转化为可视化教学对象。,no,关键词命中：Pandas。
ch02,第2章_Python数据处理与材料数据预处理_100页_Marp.md,44,工艺数据：过程决定组织,no,none,,,,,,,,,,,none,不建议插图,本页文字信息已能支撑讲解，或页面内容较密，插图可能降低可读性。,no,
ch02,第2章_Python数据处理与材料数据预处理_100页_Marp.md,45,工艺参数的派生特征,no,none,,,,,,,,,,,none,不建议插图,本页文字信息已能支撑讲解，或页面内容较密，插图可能降低可读性。,no,
ch02,第2章_Python数据处理与材料数据预处理_100页_Marp.md,46,工艺派生特征代码示例,no,none,,,,,,,,,,,none,不建议插图,本页文字信息已能支撑讲解，或页面内容较密，插图可能降低可读性。,no,
ch02,第2章_Python数据处理与材料数据预处理_100页_Marp.md,47,组织数据：连接工艺与性能的桥梁,yes,high,材料组织,microscopy,显微组织；晶粒；组织识别；金相；Python 数据处理 材料数据预处理,microstructure; SEM; EBSD; Python data preprocessing materials dataset workflow,材料显微组织识别 图像 组织数据：连接工艺与性能的桥梁,materials microstructure recognition microscopy image Python data preprocessing materials dataset workflow,official documentation; open educational resource; open access paper; Wikimedia Commons; university course material; government/lab source,AI-generated image; stock photo; watermark image; commercial copyrighted slide; low-resolution blog image,prefer CC BY/CC BY-SA/public domain/official reusable image; record attribution,组织数据：连接工艺与性能的桥梁的教学示意图,right,右侧 40% 宽度,本页涉及材料组织相关概念，配图有助于把抽象关系转化为可视化教学对象。,no,关键词命中：显微组织；晶粒；SEM；EBSD。
ch02,第2章_Python数据处理与材料数据预处理_100页_Marp.md,48,组织描述符的数据表,no,none,,,,,,,,,,,none,不建议插图,本页文字信息已能支撑讲解，或页面内容较密，插图可能降低可读性。,no,
ch02,第2章_Python数据处理与材料数据预处理_100页_Marp.md,49,性能数据：模型预测目标,yes,low,概念示意,schematic,性能数据：模型预测目标；Python 数据处理 材料数据预处理,Python data preprocessing materials dataset workflow; concept diagram,Python 数据处理 材料数据预处理 性能数据：模型预测目标 教学示意图,Python data preprocessing materials dataset workflow 性能数据：模型预测目标 concept diagram open educational resource,official documentation; open educational resource; open access paper; Wikimedia Commons; university course material; government/lab source,AI-generated image; stock photo; watermark image; commercial copyrighted slide; low-resolution blog image,prefer CC BY/CC BY-SA/public domain/official reusable image; record attribution,性能数据：模型预测目标的教学示意图,right,右侧 35% 宽度,本页包含较抽象的框架、流程或应用关系，可用简洁示意图辅助讲解。,no,低优先级，建议人工审核是否确有必要。
ch02,第2章_Python数据处理与材料数据预处理_100页_Marp.md,50,性能数据必须记录测试条件,yes,low,概念示意,schematic,性能数据必须记录测试条件；Python 数据处理 材料数据预处理,Python data preprocessing materials dataset workflow; concept diagram,Python 数据处理 材料数据预处理 性能数据必须记录测试条件 教学示意图,Python data preprocessing materials dataset workflow 性能数据必须记录测试条件 concept diagram open educational resource,official documentation; open educational resource; open access paper; Wikimedia Commons; university course material; government/lab source,AI-generated image; stock photo; watermark image; commercial copyrighted slide; low-resolution blog image,prefer CC BY/CC BY-SA/public domain/official reusable image; record attribution,性能数据必须记录测试条件的教学示意图,right,右侧 35% 宽度,本页包含较抽象的框架、流程或应用关系，可用简洁示意图辅助讲解。,no,低优先级，建议人工审核是否确有必要。
ch02,第2章_Python数据处理与材料数据预处理_100页_Marp.md,51,图像数据：从像素到特征,yes,medium,材料组织,microscopy,显微组织；晶粒；组织识别；金相；Python 数据处理 材料数据预处理,microstructure; SEM; EBSD; Python data preprocessing materials dataset workflow,材料显微组织识别 图像 图像数据：从像素到特征,materials microstructure recognition microscopy image Python data preprocessing materials dataset workflow,official documentation; open educational resource; open access paper; Wikimedia Commons; university course material; government/lab source,AI-generated image; stock photo; watermark image; commercial copyrighted slide; low-resolution blog image,prefer CC BY/CC BY-SA/public domain/official reusable image; record attribution,图像数据：从像素到特征的教学示意图,right,右侧 40% 宽度,本页涉及材料组织相关概念，配图有助于把抽象关系转化为可视化教学对象。,no,关键词命中：显微组织。
ch02,第2章_Python数据处理与材料数据预处理_100页_Marp.md,52,图像文件与标签表,yes,low,概念示意,schematic,图像文件与标签表；Python 数据处理 材料数据预处理,Python data preprocessing materials dataset workflow; concept diagram,Python 数据处理 材料数据预处理 图像文件与标签表 教学示意图,Python data preprocessing materials dataset workflow 图像文件与标签表 concept diagram open educational resource,official documentation; open educational resource; open access paper; Wikimedia Commons; university course material; government/lab source,AI-generated image; stock photo; watermark image; commercial copyrighted slide; low-resolution blog image,prefer CC BY/CC BY-SA/public domain/official reusable image; record attribution,图像文件与标签表的教学示意图,right,右侧 35% 宽度,本页包含较抽象的框架、流程或应用关系，可用简洁示意图辅助讲解。,no,低优先级，建议人工审核是否确有必要。
ch02,第2章_Python数据处理与材料数据预处理_100页_Marp.md,53,谱图数据：曲线型材料数据,no,none,,,,,,,,,,,none,不建议插图,本页文字信息已能支撑讲解，或页面内容较密，插图可能降低可读性。,no,
ch02,第2章_Python数据处理与材料数据预处理_100页_Marp.md,54,谱图数据处理的基本步骤,no,none,,,,,,,,,,,none,不建议插图,本页文字信息已能支撑讲解，或页面内容较密，插图可能降低可读性。,no,
ch02,第2章_Python数据处理与材料数据预处理_100页_Marp.md,55,多源材料数据整合,yes,medium,材料组织,microscopy,显微组织；晶粒；组织识别；金相；Python 数据处理 材料数据预处理,microstructure; SEM; EBSD; Python data preprocessing materials dataset workflow,材料显微组织识别 图像 多源材料数据整合,materials microstructure recognition microscopy image Python data preprocessing materials dataset workflow,official documentation; open educational resource; open access paper; Wikimedia Commons; university course material; government/lab source,AI-generated image; stock photo; watermark image; commercial copyrighted slide; low-resolution blog image,prefer CC BY/CC BY-SA/public domain/official reusable image; record attribution,多源材料数据整合的教学示意图,right,右侧 40% 宽度,本页涉及材料组织相关概念，配图有助于把抽象关系转化为可视化教学对象。,no,关键词命中：microstructure。
ch02,第2章_Python数据处理与材料数据预处理_100页_Marp.md,56,Pandas合并多张材料数据表,yes,high,数据流程,flowchart,数据采集；数据清洗；数据预处理；缺失值；异常值；数据标准化；数据流；Python 数据处理 材料数据预处理,Pandas; NumPy; CSV; Python data preprocessing materials dataset workflow,Python Pandas 数据预处理 数据清洗 流程图 Pandas合并多张材料数据表,Python pandas data preprocessing workflow missing values feature scaling diagram Python data preprocessing materials dataset workflow,official documentation; open educational resource; open access paper; Wikimedia Commons; university course material; government/lab source,AI-generated image; stock photo; watermark image; commercial copyrighted slide; low-resolution blog image,prefer CC BY/CC BY-SA/public domain/official reusable image; record attribution,Pandas合并多张材料数据表的教学示意图,bottom,底部横向流程图,本页涉及数据流程相关概念，配图有助于把抽象关系转化为可视化教学对象。,no,关键词命中：Pandas；CSV。
ch02,第2章_Python数据处理与材料数据预处理_100页_Marp.md,57,2.3 小结,no,none,,,,,,,,,,,none,不建议插图,封面、目录、过渡或总结类页面通常以文字结构为主，避免装饰性配图。,no,可人工判断是否需要主题图。
ch02,第2章_Python数据处理与材料数据预处理_100页_Marp.md,58,2.4 数据清洗、缺失值处理、异常值识别,yes,high,数据流程,flowchart,数据采集；数据清洗；数据预处理；缺失值；异常值；数据标准化；数据流；Python 数据处理 材料数据预处理,Pandas; NumPy; CSV; Python data preprocessing materials dataset workflow,Python Pandas 数据预处理 数据清洗 流程图 2.4 数据清洗、缺失值处理、异常值识别,Python pandas data preprocessing workflow missing values feature scaling diagram Python data preprocessing materials dataset workflow,official documentation; open educational resource; open access paper; Wikimedia Commons; university course material; government/lab source,AI-generated image; stock photo; watermark image; commercial copyrighted slide; low-resolution blog image,prefer CC BY/CC BY-SA/public domain/official reusable image; record attribution,2.4 数据清洗、缺失值处理、异常值识别的教学示意图,bottom,底部横向流程图,本页涉及数据流程相关概念，配图有助于把抽象关系转化为可视化教学对象。,no,关键词命中：数据清洗；缺失值；异常值。
ch02,第2章_Python数据处理与材料数据预处理_100页_Marp.md,59,2.4 的学习任务,yes,high,数据流程,flowchart,数据采集；数据清洗；数据预处理；缺失值；异常值；数据标准化；数据流；Python 数据处理 材料数据预处理,Pandas; NumPy; CSV; Python data preprocessing materials dataset workflow,Python Pandas 数据预处理 数据清洗 流程图 2.4 的学习任务,Python pandas data preprocessing workflow missing values feature scaling diagram Python data preprocessing materials dataset workflow,official documentation; open educational resource; open access paper; Wikimedia Commons; university course material; government/lab source,AI-generated image; stock photo; watermark image; commercial copyrighted slide; low-resolution blog image,prefer CC BY/CC BY-SA/public domain/official reusable image; record attribution,2.4 的学习任务的教学示意图,bottom,底部横向流程图,本页涉及数据流程相关概念，配图有助于把抽象关系转化为可视化教学对象。,no,关键词命中：数据清洗；缺失值；异常值。
ch02,第2章_Python数据处理与材料数据预处理_100页_Marp.md,60,原始数据常见问题清单,yes,high,数据流程,flowchart,数据采集；数据清洗；数据预处理；缺失值；异常值；数据标准化；数据流；Python 数据处理 材料数据预处理,Pandas; NumPy; CSV; Python data preprocessing materials dataset workflow,Python Pandas 数据预处理 数据清洗 流程图 原始数据常见问题清单,Python pandas data preprocessing workflow missing values feature scaling diagram Python data preprocessing materials dataset workflow,official documentation; open educational resource; open access paper; Wikimedia Commons; university course material; government/lab source,AI-generated image; stock photo; watermark image; commercial copyrighted slide; low-resolution blog image,prefer CC BY/CC BY-SA/public domain/official reusable image; record attribution,原始数据常见问题清单的教学示意图,bottom,底部横向流程图,本页涉及数据流程相关概念，配图有助于把抽象关系转化为可视化教学对象。,no,关键词命中：数据清洗；缺失值；异常值。
ch02,第2章_Python数据处理与材料数据预处理_100页_Marp.md,61,数据清洗的基本流程,yes,high,数据流程,flowchart,数据采集；数据清洗；数据预处理；缺失值；异常值；数据标准化；数据流；Python 数据处理 材料数据预处理,Pandas; NumPy; CSV; Python data preprocessing materials dataset workflow,Python Pandas 数据预处理 数据清洗 流程图 数据清洗的基本流程,Python pandas data preprocessing workflow missing values feature scaling diagram Python data preprocessing materials dataset workflow,official documentation; open educational resource; open access paper; Wikimedia Commons; university course material; government/lab source,AI-generated image; stock photo; watermark image; commercial copyrighted slide; low-resolution blog image,prefer CC BY/CC BY-SA/public domain/official reusable image; record attribution,数据清洗的基本流程的教学示意图,bottom,底部横向流程图,本页涉及数据流程相关概念，配图有助于把抽象关系转化为可视化教学对象。,no,关键词命中：数据清洗；缺失值；异常值。
ch02,第2章_Python数据处理与材料数据预处理_100页_Marp.md,62,读取后第一步：快速体检,yes,high,数据流程,flowchart,数据采集；数据清洗；数据预处理；缺失值；异常值；数据标准化；数据流；Python 数据处理 材料数据预处理,Pandas; NumPy; CSV; Python data preprocessing materials dataset workflow,Python Pandas 数据预处理 数据清洗 流程图 读取后第一步：快速体检,Python pandas data preprocessing workflow missing values feature scaling diagram Python data preprocessing materials dataset workflow,official documentation; open educational resource; open access paper; Wikimedia Commons; university course material; government/lab source,AI-generated image; stock photo; watermark image; commercial copyrighted slide; low-resolution blog image,prefer CC BY/CC BY-SA/public domain/official reusable image; record attribution,读取后第一步：快速体检的教学示意图,bottom,底部横向流程图,本页涉及数据流程相关概念，配图有助于把抽象关系转化为可视化教学对象。,no,关键词命中：Pandas；CSV。
ch02,第2章_Python数据处理与材料数据预处理_100页_Marp.md,63,列名规范化,no,none,,,,,,,,,,,none,不建议插图,本页以代码阅读或演示为主，插图可能挤压 4:3 板书式排版空间。,no,若后续需要运行结果截图，可人工补充。
ch02,第2章_Python数据处理与材料数据预处理_100页_Marp.md,64,数据类型检查与转换,no,none,,,,,,,,,,,none,不建议插图,本页以代码阅读或演示为主，插图可能挤压 4:3 板书式排版空间。,no,若后续需要运行结果截图，可人工补充。
ch02,第2章_Python数据处理与材料数据预处理_100页_Marp.md,65,重复值检查,no,none,,,,,,,,,,,none,不建议插图,本页以代码阅读或演示为主，插图可能挤压 4:3 板书式排版空间。,no,若后续需要运行结果截图，可人工补充。
ch02,第2章_Python数据处理与材料数据预处理_100页_Marp.md,66,单位一致化,no,none,,,,,,,,,,,none,不建议插图,本页以代码阅读或演示为主，插图可能挤压 4:3 板书式排版空间。,no,若后续需要运行结果截图，可人工补充。
ch02,第2章_Python数据处理与材料数据预处理_100页_Marp.md,67,缺失值的基本识别,yes,medium,数据流程,flowchart,数据采集；数据清洗；数据预处理；缺失值；异常值；数据标准化；数据流；Python 数据处理 材料数据预处理,Pandas; NumPy; CSV; Python data preprocessing materials dataset workflow,Python Pandas 数据预处理 数据清洗 流程图 缺失值的基本识别,Python pandas data preprocessing workflow missing values feature scaling diagram Python data preprocessing materials dataset workflow,official documentation; open educational resource; open access paper; Wikimedia Commons; university course material; government/lab source,AI-generated image; stock photo; watermark image; commercial copyrighted slide; low-resolution blog image,prefer CC BY/CC BY-SA/public domain/official reusable image; record attribution,缺失值的基本识别的教学示意图,bottom,底部横向流程图,本页涉及数据流程相关概念，配图有助于把抽象关系转化为可视化教学对象。,no,关键词命中：缺失值。
ch02,第2章_Python数据处理与材料数据预处理_100页_Marp.md,68,缺失值不是一种情况,yes,medium,数据流程,flowchart,数据采集；数据清洗；数据预处理；缺失值；异常值；数据标准化；数据流；Python 数据处理 材料数据预处理,Pandas; NumPy; CSV; Python data preprocessing materials dataset workflow,Python Pandas 数据预处理 数据清洗 流程图 缺失值不是一种情况,Python pandas data preprocessing workflow missing values feature scaling diagram Python data preprocessing materials dataset workflow,official documentation; open educational resource; open access paper; Wikimedia Commons; university course material; government/lab source,AI-generated image; stock photo; watermark image; commercial copyrighted slide; low-resolution blog image,prefer CC BY/CC BY-SA/public domain/official reusable image; record attribution,缺失值不是一种情况的教学示意图,bottom,底部横向流程图,本页涉及数据流程相关概念，配图有助于把抽象关系转化为可视化教学对象。,no,关键词命中：缺失值。
ch02,第2章_Python数据处理与材料数据预处理_100页_Marp.md,69,缺失值处理策略一：删除,yes,medium,数据流程,flowchart,数据采集；数据清洗；数据预处理；缺失值；异常值；数据标准化；数据流；Python 数据处理 材料数据预处理,Pandas; NumPy; CSV; Python data preprocessing materials dataset workflow,Python Pandas 数据预处理 数据清洗 流程图 缺失值处理策略一：删除,Python pandas data preprocessing workflow missing values feature scaling diagram Python data preprocessing materials dataset workflow,official documentation; open educational resource; open access paper; Wikimedia Commons; university course material; government/lab source,AI-generated image; stock photo; watermark image; commercial copyrighted slide; low-resolution blog image,prefer CC BY/CC BY-SA/public domain/official reusable image; record attribution,缺失值处理策略一：删除的教学示意图,bottom,底部横向流程图,本页涉及数据流程相关概念，配图有助于把抽象关系转化为可视化教学对象。,no,关键词命中：缺失值。
ch02,第2章_Python数据处理与材料数据预处理_100页_Marp.md,70,缺失值处理策略二：简单插补,yes,high,数据流程,flowchart,数据采集；数据清洗；数据预处理；缺失值；异常值；数据标准化；数据流；Python 数据处理 材料数据预处理,Pandas; NumPy; CSV; Python data preprocessing materials dataset workflow,Python Pandas 数据预处理 数据清洗 流程图 缺失值处理策略二：简单插补,Python pandas data preprocessing workflow missing values feature scaling diagram Python data preprocessing materials dataset workflow,official documentation; open educational resource; open access paper; Wikimedia Commons; university course material; government/lab source,AI-generated image; stock photo; watermark image; commercial copyrighted slide; low-resolution blog image,prefer CC BY/CC BY-SA/public domain/official reusable image; record attribution,缺失值处理策略二：简单插补的教学示意图,bottom,底部横向流程图,本页涉及数据流程相关概念，配图有助于把抽象关系转化为可视化教学对象。,no,关键词命中：缺失值；异常值。
ch02,第2章_Python数据处理与材料数据预处理_100页_Marp.md,71,缺失值处理策略三：分组插补,yes,medium,数据流程,flowchart,数据采集；数据清洗；数据预处理；缺失值；异常值；数据标准化；数据流；Python 数据处理 材料数据预处理,Pandas; NumPy; CSV; Python data preprocessing materials dataset workflow,Python Pandas 数据预处理 数据清洗 流程图 缺失值处理策略三：分组插补,Python pandas data preprocessing workflow missing values feature scaling diagram Python data preprocessing materials dataset workflow,official documentation; open educational resource; open access paper; Wikimedia Commons; university course material; government/lab source,AI-generated image; stock photo; watermark image; commercial copyrighted slide; low-resolution blog image,prefer CC BY/CC BY-SA/public domain/official reusable image; record attribution,缺失值处理策略三：分组插补的教学示意图,bottom,底部横向流程图,本页涉及数据流程相关概念，配图有助于把抽象关系转化为可视化教学对象。,no,关键词命中：缺失值。
ch02,第2章_Python数据处理与材料数据预处理_100页_Marp.md,72,缺失指示变量,yes,low,概念示意,schematic,缺失指示变量；Python 数据处理 材料数据预处理,Python data preprocessing materials dataset workflow; concept diagram,Python 数据处理 材料数据预处理 缺失指示变量 教学示意图,Python data preprocessing materials dataset workflow 缺失指示变量 concept diagram open educational resource,official documentation; open educational resource; open access paper; Wikimedia Commons; university course material; government/lab source,AI-generated image; stock photo; watermark image; commercial copyrighted slide; low-resolution blog image,prefer CC BY/CC BY-SA/public domain/official reusable image; record attribution,缺失指示变量的教学示意图,right,右侧 35% 宽度,本页包含较抽象的框架、流程或应用关系，可用简洁示意图辅助讲解。,no,低优先级，建议人工审核是否确有必要。
ch02,第2章_Python数据处理与材料数据预处理_100页_Marp.md,73,异常值：错误还是重要样本？,yes,medium,数据流程,flowchart,数据采集；数据清洗；数据预处理；缺失值；异常值；数据标准化；数据流；Python 数据处理 材料数据预处理,Pandas; NumPy; CSV; Python data preprocessing materials dataset workflow,Python Pandas 数据预处理 数据清洗 流程图 异常值：错误还是重要样本？,Python pandas data preprocessing workflow missing values feature scaling diagram Python data preprocessing materials dataset workflow,official documentation; open educational resource; open access paper; Wikimedia Commons; university course material; government/lab source,AI-generated image; stock photo; watermark image; commercial copyrighted slide; low-resolution blog image,prefer CC BY/CC BY-SA/public domain/official reusable image; record attribution,异常值：错误还是重要样本？的教学示意图,bottom,底部横向流程图,本页涉及数据流程相关概念，配图有助于把抽象关系转化为可视化教学对象。,no,关键词命中：异常值。
ch02,第2章_Python数据处理与材料数据预处理_100页_Marp.md,74,单变量异常值：Z-score方法,yes,medium,数据流程,flowchart,数据采集；数据清洗；数据预处理；缺失值；异常值；数据标准化；数据流；Python 数据处理 材料数据预处理,Pandas; NumPy; CSV; Python data preprocessing materials dataset workflow,Python Pandas 数据预处理 数据清洗 流程图 单变量异常值：Z-score方法,Python pandas data preprocessing workflow missing values feature scaling diagram Python data preprocessing materials dataset workflow,official documentation; open educational resource; open access paper; Wikimedia Commons; university course material; government/lab source,AI-generated image; stock photo; watermark image; commercial copyrighted slide; low-resolution blog image,prefer CC BY/CC BY-SA/public domain/official reusable image; record attribution,单变量异常值：Z-score方法的教学示意图,bottom,底部横向流程图,本页涉及数据流程相关概念，配图有助于把抽象关系转化为可视化教学对象。,no,关键词命中：异常值。
ch02,第2章_Python数据处理与材料数据预处理_100页_Marp.md,75,单变量异常值：IQR方法,yes,medium,数据流程,flowchart,数据采集；数据清洗；数据预处理；缺失值；异常值；数据标准化；数据流；Python 数据处理 材料数据预处理,Pandas; NumPy; CSV; Python data preprocessing materials dataset workflow,Python Pandas 数据预处理 数据清洗 流程图 单变量异常值：IQR方法,Python pandas data preprocessing workflow missing values feature scaling diagram Python data preprocessing materials dataset workflow,official documentation; open educational resource; open access paper; Wikimedia Commons; university course material; government/lab source,AI-generated image; stock photo; watermark image; commercial copyrighted slide; low-resolution blog image,prefer CC BY/CC BY-SA/public domain/official reusable image; record attribution,单变量异常值：IQR方法的教学示意图,bottom,底部横向流程图,本页涉及数据流程相关概念，配图有助于把抽象关系转化为可视化教学对象。,no,关键词命中：异常值。
ch02,第2章_Python数据处理与材料数据预处理_100页_Marp.md,76,多变量异常值：马氏距离,yes,medium,数据流程,flowchart,数据采集；数据清洗；数据预处理；缺失值；异常值；数据标准化；数据流；Python 数据处理 材料数据预处理,Pandas; NumPy; CSV; Python data preprocessing materials dataset workflow,Python Pandas 数据预处理 数据清洗 流程图 多变量异常值：马氏距离,Python pandas data preprocessing workflow missing values feature scaling diagram Python data preprocessing materials dataset workflow,official documentation; open educational resource; open access paper; Wikimedia Commons; university course material; government/lab source,AI-generated image; stock photo; watermark image; commercial copyrighted slide; low-resolution blog image,prefer CC BY/CC BY-SA/public domain/official reusable image; record attribution,多变量异常值：马氏距离的教学示意图,bottom,底部横向流程图,本页涉及数据流程相关概念，配图有助于把抽象关系转化为可视化教学对象。,no,关键词命中：异常值。
ch02,第2章_Python数据处理与材料数据预处理_100页_Marp.md,77,多变量异常值代码示例,yes,high,数据流程,flowchart,数据采集；数据清洗；数据预处理；缺失值；异常值；数据标准化；数据流；Python 数据处理 材料数据预处理,Pandas; NumPy; CSV; Python data preprocessing materials dataset workflow,Python Pandas 数据预处理 数据清洗 流程图 多变量异常值代码示例,Python pandas data preprocessing workflow missing values feature scaling diagram Python data preprocessing materials dataset workflow,official documentation; open educational resource; open access paper; Wikimedia Commons; university course material; government/lab source,AI-generated image; stock photo; watermark image; commercial copyrighted slide; low-resolution blog image,prefer CC BY/CC BY-SA/public domain/official reusable image; record attribution,多变量异常值代码示例的教学示意图,bottom,底部横向流程图,本页涉及数据流程相关概念，配图有助于把抽象关系转化为可视化教学对象。,no,关键词命中：异常值；NumPy。
ch02,第2章_Python数据处理与材料数据预处理_100页_Marp.md,78,异常值处理的四种方式,yes,medium,数据流程,flowchart,数据采集；数据清洗；数据预处理；缺失值；异常值；数据标准化；数据流；Python 数据处理 材料数据预处理,Pandas; NumPy; CSV; Python data preprocessing materials dataset workflow,Python Pandas 数据预处理 数据清洗 流程图 异常值处理的四种方式,Python pandas data preprocessing workflow missing values feature scaling diagram Python data preprocessing materials dataset workflow,official documentation; open educational resource; open access paper; Wikimedia Commons; university course material; government/lab source,AI-generated image; stock photo; watermark image; commercial copyrighted slide; low-resolution blog image,prefer CC BY/CC BY-SA/public domain/official reusable image; record attribution,异常值处理的四种方式的教学示意图,bottom,底部横向流程图,本页涉及数据流程相关概念，配图有助于把抽象关系转化为可视化教学对象。,no,关键词命中：异常值。
ch02,第2章_Python数据处理与材料数据预处理_100页_Marp.md,79,标准化：让变量具有可比尺度,yes,high,算法流程,flowchart,监督学习；回归；分类；聚类；模型训练；模型评估；特征工程；交叉验证；过拟合；欠拟合；随机森林；Python 数据处理 材料数据预处理,SVM; KNN; Python data preprocessing materials dataset workflow,机器学习流程 特征工程 模型训练 评估 示意图 标准化：让变量具有可比尺度,machine learning workflow feature engineering model training evaluation diagram Python data preprocessing materials dataset workflow,official documentation; open educational resource; open access paper; Wikimedia Commons; university course material; government/lab source,AI-generated image; stock photo; watermark image; commercial copyrighted slide; low-resolution blog image,prefer CC BY/CC BY-SA/public domain/official reusable image; record attribution,标准化：让变量具有可比尺度的教学示意图,bottom,底部横向流程图,本页涉及机器学习相关概念，配图有助于把抽象关系转化为可视化教学对象。,no,关键词命中：随机森林；KNN。
ch02,第2章_Python数据处理与材料数据预处理_100页_Marp.md,80,归一化：压缩到固定范围,no,none,,,,,,,,,,,none,不建议插图,本页以代码阅读或演示为主，插图可能挤压 4:3 板书式排版空间。,no,若后续需要运行结果截图，可人工补充。
ch02,第2章_Python数据处理与材料数据预处理_100页_Marp.md,81,数据泄漏：最容易忽略的错误,yes,medium,材料组织,microscopy,显微组织；晶粒；组织识别；金相；Python 数据处理 材料数据预处理,microstructure; SEM; EBSD; Python data preprocessing materials dataset workflow,材料显微组织识别 图像 数据泄漏：最容易忽略的错误,materials microstructure recognition microscopy image Python data preprocessing materials dataset workflow,official documentation; open educational resource; open access paper; Wikimedia Commons; university course material; government/lab source,AI-generated image; stock photo; watermark image; commercial copyrighted slide; low-resolution blog image,prefer CC BY/CC BY-SA/public domain/official reusable image; record attribution,数据泄漏：最容易忽略的错误的教学示意图,right,右侧 40% 宽度,本页涉及材料组织相关概念，配图有助于把抽象关系转化为可视化教学对象。,no,关键词命中：显微组织。
ch02,第2章_Python数据处理与材料数据预处理_100页_Marp.md,82,正确的预处理顺序,no,none,,,,,,,,,,,none,不建议插图,本页以代码阅读或演示为主，插图可能挤压 4:3 板书式排版空间。,no,若后续需要运行结果截图，可人工补充。
ch02,第2章_Python数据处理与材料数据预处理_100页_Marp.md,83,2.4 小结,no,none,,,,,,,,,,,none,不建议插图,封面、目录、过渡或总结类页面通常以文字结构为主，避免装饰性配图。,no,可人工判断是否需要主题图。
ch02,第2章_Python数据处理与材料数据预处理_100页_Marp.md,84,2.5 材料数据可视化与统计描述,no,none,,,,,,,,,,,none,不建议插图,本页文字信息已能支撑讲解，或页面内容较密，插图可能降低可读性。,no,
ch02,第2章_Python数据处理与材料数据预处理_100页_Marp.md,85,2.5 的学习任务,yes,low,概念示意,schematic,2.5 的学习任务；Python 数据处理 材料数据预处理,Python data preprocessing materials dataset workflow; concept diagram,Python 数据处理 材料数据预处理 2.5 的学习任务 教学示意图,Python data preprocessing materials dataset workflow 2.5 的学习任务 concept diagram open educational resource,official documentation; open educational resource; open access paper; Wikimedia Commons; university course material; government/lab source,AI-generated image; stock photo; watermark image; commercial copyrighted slide; low-resolution blog image,prefer CC BY/CC BY-SA/public domain/official reusable image; record attribution,2.5 的学习任务的教学示意图,right,右侧 35% 宽度,本页包含较抽象的框架、流程或应用关系，可用简洁示意图辅助讲解。,no,低优先级，建议人工审核是否确有必要。
ch02,第2章_Python数据处理与材料数据预处理_100页_Marp.md,86,描述性统计量,yes,medium,数据流程,flowchart,数据采集；数据清洗；数据预处理；缺失值；异常值；数据标准化；数据流；Python 数据处理 材料数据预处理,Pandas; NumPy; CSV; Python data preprocessing materials dataset workflow,Python Pandas 数据预处理 数据清洗 流程图 描述性统计量,Python pandas data preprocessing workflow missing values feature scaling diagram Python data preprocessing materials dataset workflow,official documentation; open educational resource; open access paper; Wikimedia Commons; university course material; government/lab source,AI-generated image; stock photo; watermark image; commercial copyrighted slide; low-resolution blog image,prefer CC BY/CC BY-SA/public domain/official reusable image; record attribution,描述性统计量的教学示意图,bottom,底部横向流程图,本页涉及数据流程相关概念，配图有助于把抽象关系转化为可视化教学对象。,no,关键词命中：异常值。
ch02,第2章_Python数据处理与材料数据预处理_100页_Marp.md,87,Pandas描述统计,yes,medium,数据流程,flowchart,数据采集；数据清洗；数据预处理；缺失值；异常值；数据标准化；数据流；Python 数据处理 材料数据预处理,Pandas; NumPy; CSV; Python data preprocessing materials dataset workflow,Python Pandas 数据预处理 数据清洗 流程图 Pandas描述统计,Python pandas data preprocessing workflow missing values feature scaling diagram Python data preprocessing materials dataset workflow,official documentation; open educational resource; open access paper; Wikimedia Commons; university course material; government/lab source,AI-generated image; stock photo; watermark image; commercial copyrighted slide; low-resolution blog image,prefer CC BY/CC BY-SA/public domain/official reusable image; record attribution,Pandas描述统计的教学示意图,bottom,底部横向流程图,本页涉及数据流程相关概念，配图有助于把抽象关系转化为可视化教学对象。,no,关键词命中：Pandas。
ch02,第2章_Python数据处理与材料数据预处理_100页_Marp.md,88,直方图：看单变量分布,yes,medium,算法流程,algorithm_diagram,贝叶斯；概率分布；先验；后验；似然；概率；正态分布；条件概率；Python 数据处理 材料数据预处理,Bayes; Python data preprocessing materials dataset workflow,贝叶斯定理 先验 后验 概率图示 直方图：看单变量分布,Bayes theorem diagram probability prior posterior likelihood Python data preprocessing materials dataset workflow,official documentation; open educational resource; open access paper; Wikimedia Commons; university course material; government/lab source,AI-generated image; stock photo; watermark image; commercial copyrighted slide; low-resolution blog image,prefer CC BY/CC BY-SA/public domain/official reusable image; record attribution,直方图：看单变量分布的教学示意图,bottom,底部横向流程图,本页涉及算法机理相关概念，配图有助于把抽象关系转化为可视化教学对象。,no,关键词命中：正态分布。
ch02,第2章_Python数据处理与材料数据预处理_100页_Marp.md,89,箱线图：看离群点和分组差异,no,none,,,,,,,,,,,none,不建议插图,本页文字信息已能支撑讲解，或页面内容较密，插图可能降低可读性。,no,
ch02,第2章_Python数据处理与材料数据预处理_100页_Marp.md,90,散点图：看变量关系,yes,low,概念示意,schematic,散点图：看变量关系；Python 数据处理 材料数据预处理,Python data preprocessing materials dataset workflow; concept diagram,Python 数据处理 材料数据预处理 散点图：看变量关系 教学示意图,Python data preprocessing materials dataset workflow 散点图：看变量关系 concept diagram open educational resource,official documentation; open educational resource; open access paper; Wikimedia Commons; university course material; government/lab source,AI-generated image; stock photo; watermark image; commercial copyrighted slide; low-resolution blog image,prefer CC BY/CC BY-SA/public domain/official reusable image; record attribution,散点图：看变量关系的教学示意图,right,右侧 35% 宽度,本页包含较抽象的框架、流程或应用关系，可用简洁示意图辅助讲解。,no,低优先级，建议人工审核是否确有必要。
ch02,第2章_Python数据处理与材料数据预处理_100页_Marp.md,91,相关系数,yes,low,概念示意,schematic,相关系数；Python 数据处理 材料数据预处理,Python data preprocessing materials dataset workflow; concept diagram,Python 数据处理 材料数据预处理 相关系数 教学示意图,Python data preprocessing materials dataset workflow 相关系数 concept diagram open educational resource,official documentation; open educational resource; open access paper; Wikimedia Commons; university course material; government/lab source,AI-generated image; stock photo; watermark image; commercial copyrighted slide; low-resolution blog image,prefer CC BY/CC BY-SA/public domain/official reusable image; record attribution,相关系数的教学示意图,right,右侧 35% 宽度,本页包含较抽象的框架、流程或应用关系，可用简洁示意图辅助讲解。,no,低优先级，建议人工审核是否确有必要。
ch02,第2章_Python数据处理与材料数据预处理_100页_Marp.md,92,相关矩阵计算,no,none,,,,,,,,,,,none,不建议插图,本页以代码阅读或演示为主，插图可能挤压 4:3 板书式排版空间。,no,若后续需要运行结果截图，可人工补充。
ch02,第2章_Python数据处理与材料数据预处理_100页_Marp.md,93,分组均值与误差棒,yes,medium,材料组织,microscopy,显微组织；晶粒；组织识别；金相；Python 数据处理 材料数据预处理,microstructure; SEM; EBSD; Python data preprocessing materials dataset workflow,材料显微组织识别 图像 分组均值与误差棒,materials microstructure recognition microscopy image Python data preprocessing materials dataset workflow,official documentation; open educational resource; open access paper; Wikimedia Commons; university course material; government/lab source,AI-generated image; stock photo; watermark image; commercial copyrighted slide; low-resolution blog image,prefer CC BY/CC BY-SA/public domain/official reusable image; record attribution,分组均值与误差棒的教学示意图,right,右侧 40% 宽度,本页涉及材料组织相关概念，配图有助于把抽象关系转化为可视化教学对象。,no,关键词命中：SEM。
ch02,第2章_Python数据处理与材料数据预处理_100页_Marp.md,94,成分三元图的思想,no,none,,,,,,,,,,,none,不建议插图,本页文字信息已能支撑讲解，或页面内容较密，插图可能降低可读性。,no,
ch02,第2章_Python数据处理与材料数据预处理_100页_Marp.md,95,工艺窗口图,no,none,,,,,,,,,,,none,不建议插图,本页文字信息已能支撑讲解，或页面内容较密，插图可能降低可读性。,no,
ch02,第2章_Python数据处理与材料数据预处理_100页_Marp.md,96,显微组织图像可视化,yes,high,材料组织,microscopy,显微组织；晶粒；组织识别；金相；Python 数据处理 材料数据预处理,microstructure; SEM; EBSD; Python data preprocessing materials dataset workflow,材料显微组织识别 图像 显微组织图像可视化,materials microstructure recognition microscopy image Python data preprocessing materials dataset workflow,official documentation; open educational resource; open access paper; Wikimedia Commons; university course material; government/lab source,AI-generated image; stock photo; watermark image; commercial copyrighted slide; low-resolution blog image,prefer CC BY/CC BY-SA/public domain/official reusable image; record attribution,显微组织图像可视化的教学示意图,right,右侧 40% 宽度,本页涉及材料组织相关概念，配图有助于把抽象关系转化为可视化教学对象。,no,关键词命中：显微组织；microstructure。
ch02,第2章_Python数据处理与材料数据预处理_100页_Marp.md,97,谱图可视化,yes,medium,数据流程,flowchart,数据采集；数据清洗；数据预处理；缺失值；异常值；数据标准化；数据流；Python 数据处理 材料数据预处理,Pandas; NumPy; CSV; Python data preprocessing materials dataset workflow,Python Pandas 数据预处理 数据清洗 流程图 谱图可视化,Python pandas data preprocessing workflow missing values feature scaling diagram Python data preprocessing materials dataset workflow,official documentation; open educational resource; open access paper; Wikimedia Commons; university course material; government/lab source,AI-generated image; stock photo; watermark image; commercial copyrighted slide; low-resolution blog image,prefer CC BY/CC BY-SA/public domain/official reusable image; record attribution,谱图可视化的教学示意图,bottom,底部横向流程图,本页涉及数据流程相关概念，配图有助于把抽象关系转化为可视化教学对象。,no,关键词命中：CSV。
ch02,第2章_Python数据处理与材料数据预处理_100页_Marp.md,98,可视化的科研规范,no,none,,,,,,,,,,,none,不建议插图,本页文字信息已能支撑讲解，或页面内容较密，插图可能降低可读性。,no,
ch02,第2章_Python数据处理与材料数据预处理_100页_Marp.md,99,2.5 小结,no,none,,,,,,,,,,,none,不建议插图,封面、目录、过渡或总结类页面通常以文字结构为主，避免装饰性配图。,no,可人工判断是否需要主题图。
ch02,第2章_Python数据处理与材料数据预处理_100页_Marp.md,100,2.6 数据质量、数据偏差与模型可靠性,yes,low,概念示意,schematic,2.6 数据质量、数据偏差与模型可靠性；Python 数据处理 材料数据预处理,Python data preprocessing materials dataset workflow; concept diagram,Python 数据处理 材料数据预处理 2.6 数据质量、数据偏差与模型可靠性 教学示意图,Python data preprocessing materials dataset workflow 2.6 数据质量、数据偏差与模型可靠性 concept diagram open educational resource,official documentation; open educational resource; open access paper; Wikimedia Commons; university course material; government/lab source,AI-generated image; stock photo; watermark image; commercial copyrighted slide; low-resolution blog image,prefer CC BY/CC BY-SA/public domain/official reusable image; record attribution,2.6 数据质量、数据偏差与模型可靠性的教学示意图,right,右侧 35% 宽度,本页包含较抽象的框架、流程或应用关系，可用简洁示意图辅助讲解。,no,低优先级，建议人工审核是否确有必要。
ch02,第2章_Python数据处理与材料数据预处理_100页_Marp.md,101,2.6 的学习任务,yes,low,概念示意,schematic,2.6 的学习任务；Python 数据处理 材料数据预处理,Python data preprocessing materials dataset workflow; concept diagram,Python 数据处理 材料数据预处理 2.6 的学习任务 教学示意图,Python data preprocessing materials dataset workflow 2.6 的学习任务 concept diagram open educational resource,official documentation; open educational resource; open access paper; Wikimedia Commons; university course material; government/lab source,AI-generated image; stock photo; watermark image; commercial copyrighted slide; low-resolution blog image,prefer CC BY/CC BY-SA/public domain/official reusable image; record attribution,2.6 的学习任务的教学示意图,right,右侧 35% 宽度,本页包含较抽象的框架、流程或应用关系，可用简洁示意图辅助讲解。,no,低优先级，建议人工审核是否确有必要。
ch02,第2章_Python数据处理与材料数据预处理_100页_Marp.md,102,数据质量的六个维度,yes,low,概念示意,schematic,数据质量的六个维度；Python 数据处理 材料数据预处理,Python data preprocessing materials dataset workflow; concept diagram,Python 数据处理 材料数据预处理 数据质量的六个维度 教学示意图,Python data preprocessing materials dataset workflow 数据质量的六个维度 concept diagram open educational resource,official documentation; open educational resource; open access paper; Wikimedia Commons; university course material; government/lab source,AI-generated image; stock photo; watermark image; commercial copyrighted slide; low-resolution blog image,prefer CC BY/CC BY-SA/public domain/official reusable image; record attribution,数据质量的六个维度的教学示意图,right,右侧 35% 宽度,本页包含较抽象的框架、流程或应用关系，可用简洁示意图辅助讲解。,no,低优先级，建议人工审核是否确有必要。
ch02,第2章_Python数据处理与材料数据预处理_100页_Marp.md,103,数据偏差一：选择偏差,yes,low,概念示意,schematic,数据偏差一：选择偏差；Python 数据处理 材料数据预处理,Python data preprocessing materials dataset workflow; concept diagram,Python 数据处理 材料数据预处理 数据偏差一：选择偏差 教学示意图,Python data preprocessing materials dataset workflow 数据偏差一：选择偏差 concept diagram open educational resource,official documentation; open educational resource; open access paper; Wikimedia Commons; university course material; government/lab source,AI-generated image; stock photo; watermark image; commercial copyrighted slide; low-resolution blog image,prefer CC BY/CC BY-SA/public domain/official reusable image; record attribution,数据偏差一：选择偏差的教学示意图,right,右侧 35% 宽度,本页包含较抽象的框架、流程或应用关系，可用简洁示意图辅助讲解。,no,低优先级，建议人工审核是否确有必要。
ch02,第2章_Python数据处理与材料数据预处理_100页_Marp.md,104,数据偏差二：测量偏差,no,none,,,,,,,,,,,none,不建议插图,本页文字信息已能支撑讲解，或页面内容较密，插图可能降低可读性。,no,
ch02,第2章_Python数据处理与材料数据预处理_100页_Marp.md,105,数据偏差三：标签偏差,yes,high,材料组织,microscopy,显微组织；晶粒；组织识别；金相；Python 数据处理 材料数据预处理,microstructure; SEM; EBSD; Python data preprocessing materials dataset workflow,材料显微组织识别 图像 数据偏差三：标签偏差,materials microstructure recognition microscopy image Python data preprocessing materials dataset workflow,official documentation; open educational resource; open access paper; Wikimedia Commons; university course material; government/lab source,AI-generated image; stock photo; watermark image; commercial copyrighted slide; low-resolution blog image,prefer CC BY/CC BY-SA/public domain/official reusable image; record attribution,数据偏差三：标签偏差的教学示意图,right,右侧 40% 宽度,本页涉及材料组织相关概念，配图有助于把抽象关系转化为可视化教学对象。,no,关键词命中：显微组织；组织识别。
ch02,第2章_Python数据处理与材料数据预处理_100页_Marp.md,106,小样本与高维特征,yes,medium,算法流程,algorithm_diagram,贝叶斯；概率分布；先验；后验；似然；概率；正态分布；条件概率；Python 数据处理 材料数据预处理,Bayes; Python data preprocessing materials dataset workflow,贝叶斯定理 先验 后验 概率图示 小样本与高维特征,Bayes theorem diagram probability prior posterior likelihood Python data preprocessing materials dataset workflow,official documentation; open educational resource; open access paper; Wikimedia Commons; university course material; government/lab source,AI-generated image; stock photo; watermark image; commercial copyrighted slide; low-resolution blog image,prefer CC BY/CC BY-SA/public domain/official reusable image; record attribution,小样本与高维特征的教学示意图,bottom,底部横向流程图,本页涉及算法机理相关概念，配图有助于把抽象关系转化为可视化教学对象。,no,关键词命中：先验。
ch02,第2章_Python数据处理与材料数据预处理_100页_Marp.md,107,外推风险,yes,low,概念示意,schematic,外推风险；Python 数据处理 材料数据预处理,Python data preprocessing materials dataset workflow; concept diagram,Python 数据处理 材料数据预处理 外推风险 教学示意图,Python data preprocessing materials dataset workflow 外推风险 concept diagram open educational resource,official documentation; open educational resource; open access paper; Wikimedia Commons; university course material; government/lab source,AI-generated image; stock photo; watermark image; commercial copyrighted slide; low-resolution blog image,prefer CC BY/CC BY-SA/public domain/official reusable image; record attribution,外推风险的教学示意图,right,右侧 35% 宽度,本页包含较抽象的框架、流程或应用关系，可用简洁示意图辅助讲解。,no,低优先级，建议人工审核是否确有必要。
ch02,第2章_Python数据处理与材料数据预处理_100页_Marp.md,108,可靠性检查：训练集覆盖范围,no,none,,,,,,,,,,,none,不建议插图,本页以代码阅读或演示为主，插图可能挤压 4:3 板书式排版空间。,no,若后续需要运行结果截图，可人工补充。
ch02,第2章_Python数据处理与材料数据预处理_100页_Marp.md,109,数据划分与重复样本问题,yes,low,概念示意,schematic,数据划分与重复样本问题；Python 数据处理 材料数据预处理,Python data preprocessing materials dataset workflow; concept diagram,Python 数据处理 材料数据预处理 数据划分与重复样本问题 教学示意图,Python data preprocessing materials dataset workflow 数据划分与重复样本问题 concept diagram open educational resource,official documentation; open educational resource; open access paper; Wikimedia Commons; university course material; government/lab source,AI-generated image; stock photo; watermark image; commercial copyrighted slide; low-resolution blog image,prefer CC BY/CC BY-SA/public domain/official reusable image; record attribution,数据划分与重复样本问题的教学示意图,right,右侧 35% 宽度,本页包含较抽象的框架、流程或应用关系，可用简洁示意图辅助讲解。,no,低优先级，建议人工审核是否确有必要。
ch02,第2章_Python数据处理与材料数据预处理_100页_Marp.md,110,分组划分示例,no,none,,,,,,,,,,,none,不建议插图,本页以代码阅读或演示为主，插图可能挤压 4:3 板书式排版空间。,no,若后续需要运行结果截图，可人工补充。
ch02,第2章_Python数据处理与材料数据预处理_100页_Marp.md,111,模型评估指标与数据质量,yes,high,算法流程,flowchart,监督学习；回归；分类；聚类；模型训练；模型评估；特征工程；交叉验证；过拟合；欠拟合；随机森林；Python 数据处理 材料数据预处理,SVM; KNN; Python data preprocessing materials dataset workflow,机器学习流程 特征工程 模型训练 评估 示意图 模型评估指标与数据质量,machine learning workflow feature engineering model training evaluation diagram Python data preprocessing materials dataset workflow,official documentation; open educational resource; open access paper; Wikimedia Commons; university course material; government/lab source,AI-generated image; stock photo; watermark image; commercial copyrighted slide; low-resolution blog image,prefer CC BY/CC BY-SA/public domain/official reusable image; record attribution,模型评估指标与数据质量的教学示意图,bottom,底部横向流程图,本页涉及机器学习相关概念，配图有助于把抽象关系转化为可视化教学对象。,no,关键词命中：回归；模型评估。
ch02,第2章_Python数据处理与材料数据预处理_100页_Marp.md,112,数据处理日志,yes,low,概念示意,schematic,数据处理日志；Python 数据处理 材料数据预处理,Python data preprocessing materials dataset workflow; concept diagram,Python 数据处理 材料数据预处理 数据处理日志 教学示意图,Python data preprocessing materials dataset workflow 数据处理日志 concept diagram open educational resource,official documentation; open educational resource; open access paper; Wikimedia Commons; university course material; government/lab source,AI-generated image; stock photo; watermark image; commercial copyrighted slide; low-resolution blog image,prefer CC BY/CC BY-SA/public domain/official reusable image; record attribution,数据处理日志的教学示意图,right,右侧 35% 宽度,本页包含较抽象的框架、流程或应用关系，可用简洁示意图辅助讲解。,no,低优先级，建议人工审核是否确有必要。
ch02,第2章_Python数据处理与材料数据预处理_100页_Marp.md,113,可复现的数据预处理函数,yes,medium,数据流程,flowchart,数据采集；数据清洗；数据预处理；缺失值；异常值；数据标准化；数据流；Python 数据处理 材料数据预处理,Pandas; NumPy; CSV; Python data preprocessing materials dataset workflow,Python Pandas 数据预处理 数据清洗 流程图 可复现的数据预处理函数,Python pandas data preprocessing workflow missing values feature scaling diagram Python data preprocessing materials dataset workflow,official documentation; open educational resource; open access paper; Wikimedia Commons; university course material; government/lab source,AI-generated image; stock photo; watermark image; commercial copyrighted slide; low-resolution blog image,prefer CC BY/CC BY-SA/public domain/official reusable image; record attribution,可复现的数据预处理函数的教学示意图,bottom,底部横向流程图,本页涉及数据流程相关概念，配图有助于把抽象关系转化为可视化教学对象。,no,关键词命中：数据预处理。
ch02,第2章_Python数据处理与材料数据预处理_100页_Marp.md,114,数据质量检查清单,yes,high,数据流程,flowchart,数据采集；数据清洗；数据预处理；缺失值；异常值；数据标准化；数据流；Python 数据处理 材料数据预处理,Pandas; NumPy; CSV; Python data preprocessing materials dataset workflow,Python Pandas 数据预处理 数据清洗 流程图 数据质量检查清单,Python pandas data preprocessing workflow missing values feature scaling diagram Python data preprocessing materials dataset workflow,official documentation; open educational resource; open access paper; Wikimedia Commons; university course material; government/lab source,AI-generated image; stock photo; watermark image; commercial copyrighted slide; low-resolution blog image,prefer CC BY/CC BY-SA/public domain/official reusable image; record attribution,数据质量检查清单的教学示意图,bottom,底部横向流程图,本页涉及数据流程相关概念，配图有助于把抽象关系转化为可视化教学对象。,no,关键词命中：缺失值；异常值。
ch02,第2章_Python数据处理与材料数据预处理_100页_Marp.md,115,2.6 小结,no,none,,,,,,,,,,,none,不建议插图,封面、目录、过渡或总结类页面通常以文字结构为主，避免装饰性配图。,no,可人工判断是否需要主题图。
ch02,第2章_Python数据处理与材料数据预处理_100页_Marp.md,116,综合案例：合金硬度数据预处理流程,yes,high,数据流程,flowchart,数据采集；数据清洗；数据预处理；缺失值；异常值；数据标准化；数据流；Python 数据处理 材料数据预处理,Pandas; NumPy; CSV; Python data preprocessing materials dataset workflow,Python Pandas 数据预处理 数据清洗 流程图 综合案例：合金硬度数据预处理流程,Python pandas data preprocessing workflow missing values feature scaling diagram Python data preprocessing materials dataset workflow,official documentation; open educational resource; open access paper; Wikimedia Commons; university course material; government/lab source,AI-generated image; stock photo; watermark image; commercial copyrighted slide; low-resolution blog image,prefer CC BY/CC BY-SA/public domain/official reusable image; record attribution,综合案例：合金硬度数据预处理流程的教学示意图,bottom,底部横向流程图,本页涉及数据流程相关概念，配图有助于把抽象关系转化为可视化教学对象。,no,关键词命中：数据预处理。
ch02,第2章_Python数据处理与材料数据预处理_100页_Marp.md,117,案例背景,yes,medium,数据流程,flowchart,数据采集；数据清洗；数据预处理；缺失值；异常值；数据标准化；数据流；Python 数据处理 材料数据预处理,Pandas; NumPy; CSV; Python data preprocessing materials dataset workflow,Python Pandas 数据预处理 数据清洗 流程图 案例背景,Python pandas data preprocessing workflow missing values feature scaling diagram Python data preprocessing materials dataset workflow,official documentation; open educational resource; open access paper; Wikimedia Commons; university course material; government/lab source,AI-generated image; stock photo; watermark image; commercial copyrighted slide; low-resolution blog image,prefer CC BY/CC BY-SA/public domain/official reusable image; record attribution,案例背景的教学示意图,bottom,底部横向流程图,本页涉及数据流程相关概念，配图有助于把抽象关系转化为可视化教学对象。,no,关键词命中：数据清洗。
ch02,第2章_Python数据处理与材料数据预处理_100页_Marp.md,118,第一步：读取与检查,yes,high,数据流程,flowchart,数据采集；数据清洗；数据预处理；缺失值；异常值；数据标准化；数据流；Python 数据处理 材料数据预处理,Pandas; NumPy; CSV; Python data preprocessing materials dataset workflow,Python Pandas 数据预处理 数据清洗 流程图 第一步：读取与检查,Python pandas data preprocessing workflow missing values feature scaling diagram Python data preprocessing materials dataset workflow,official documentation; open educational resource; open access paper; Wikimedia Commons; university course material; government/lab source,AI-generated image; stock photo; watermark image; commercial copyrighted slide; low-resolution blog image,prefer CC BY/CC BY-SA/public domain/official reusable image; record attribution,第一步：读取与检查的教学示意图,bottom,底部横向流程图,本页涉及数据流程相关概念，配图有助于把抽象关系转化为可视化教学对象。,no,关键词命中：Pandas；CSV。
ch02,第2章_Python数据处理与材料数据预处理_100页_Marp.md,119,第二步：统一列名和类型,no,none,,,,,,,,,,,none,不建议插图,本页以代码阅读或演示为主，插图可能挤压 4:3 板书式排版空间。,no,若后续需要运行结果截图，可人工补充。
ch02,第2章_Python数据处理与材料数据预处理_100页_Marp.md,120,第三步：成分合理性检查,no,none,,,,,,,,,,,none,不建议插图,本页以代码阅读或演示为主，插图可能挤压 4:3 板书式排版空间。,no,若后续需要运行结果截图，可人工补充。
ch02,第2章_Python数据处理与材料数据预处理_100页_Marp.md,121,第四步：缺失值处理,yes,medium,数据流程,flowchart,数据采集；数据清洗；数据预处理；缺失值；异常值；数据标准化；数据流；Python 数据处理 材料数据预处理,Pandas; NumPy; CSV; Python data preprocessing materials dataset workflow,Python Pandas 数据预处理 数据清洗 流程图 第四步：缺失值处理,Python pandas data preprocessing workflow missing values feature scaling diagram Python data preprocessing materials dataset workflow,official documentation; open educational resource; open access paper; Wikimedia Commons; university course material; government/lab source,AI-generated image; stock photo; watermark image; commercial copyrighted slide; low-resolution blog image,prefer CC BY/CC BY-SA/public domain/official reusable image; record attribution,第四步：缺失值处理的教学示意图,bottom,底部横向流程图,本页涉及数据流程相关概念，配图有助于把抽象关系转化为可视化教学对象。,no,关键词命中：缺失值。
ch02,第2章_Python数据处理与材料数据预处理_100页_Marp.md,122,第五步：异常值识别,yes,medium,数据流程,flowchart,数据采集；数据清洗；数据预处理；缺失值；异常值；数据标准化；数据流；Python 数据处理 材料数据预处理,Pandas; NumPy; CSV; Python data preprocessing materials dataset workflow,Python Pandas 数据预处理 数据清洗 流程图 第五步：异常值识别,Python pandas data preprocessing workflow missing values feature scaling diagram Python data preprocessing materials dataset workflow,official documentation; open educational resource; open access paper; Wikimedia Commons; university course material; government/lab source,AI-generated image; stock photo; watermark image; commercial copyrighted slide; low-resolution blog image,prefer CC BY/CC BY-SA/public domain/official reusable image; record attribution,第五步：异常值识别的教学示意图,bottom,底部横向流程图,本页涉及数据流程相关概念，配图有助于把抽象关系转化为可视化教学对象。,no,关键词命中：异常值。
ch02,第2章_Python数据处理与材料数据预处理_100页_Marp.md,123,第六步：派生特征与保存,yes,high,数据流程,flowchart,数据采集；数据清洗；数据预处理；缺失值；异常值；数据标准化；数据流；Python 数据处理 材料数据预处理,Pandas; NumPy; CSV; Python data preprocessing materials dataset workflow,Python Pandas 数据预处理 数据清洗 流程图 第六步：派生特征与保存,Python pandas data preprocessing workflow missing values feature scaling diagram Python data preprocessing materials dataset workflow,official documentation; open educational resource; open access paper; Wikimedia Commons; university course material; government/lab source,AI-generated image; stock photo; watermark image; commercial copyrighted slide; low-resolution blog image,prefer CC BY/CC BY-SA/public domain/official reusable image; record attribution,第六步：派生特征与保存的教学示意图,bottom,底部横向流程图,本页涉及数据流程相关概念，配图有助于把抽象关系转化为可视化教学对象。,no,关键词命中：NumPy；CSV。
ch02,第2章_Python数据处理与材料数据预处理_100页_Marp.md,124,第七步：输出诊断图,no,none,,,,,,,,,,,none,不建议插图,本页以代码阅读或演示为主，插图可能挤压 4:3 板书式排版空间。,no,若后续需要运行结果截图，可人工补充。
ch02,第2章_Python数据处理与材料数据预处理_100页_Marp.md,125,本章知识结构回顾,yes,high,数据流程,flowchart,数据采集；数据清洗；数据预处理；缺失值；异常值；数据标准化；数据流；Python 数据处理 材料数据预处理,Pandas; NumPy; CSV; Python data preprocessing materials dataset workflow,Python Pandas 数据预处理 数据清洗 流程图 本章知识结构回顾,Python pandas data preprocessing workflow missing values feature scaling diagram Python data preprocessing materials dataset workflow,official documentation; open educational resource; open access paper; Wikimedia Commons; university course material; government/lab source,AI-generated image; stock photo; watermark image; commercial copyrighted slide; low-resolution blog image,prefer CC BY/CC BY-SA/public domain/official reusable image; record attribution,本章知识结构回顾的教学示意图,bottom,底部横向流程图,本页涉及数据流程相关概念，配图有助于把抽象关系转化为可视化教学对象。,no,关键词命中：数据预处理；缺失值；异常值；Pandas；NumPy。
ch02,第2章_Python数据处理与材料数据预处理_100页_Marp.md,126,本章关键概念速记,yes,high,数据流程,flowchart,数据采集；数据清洗；数据预处理；缺失值；异常值；数据标准化；数据流；Python 数据处理 材料数据预处理,Pandas; NumPy; CSV; Python data preprocessing materials dataset workflow,Python Pandas 数据预处理 数据清洗 流程图 本章关键概念速记,Python pandas data preprocessing workflow missing values feature scaling diagram Python data preprocessing materials dataset workflow,official documentation; open educational resource; open access paper; Wikimedia Commons; university course material; government/lab source,AI-generated image; stock photo; watermark image; commercial copyrighted slide; low-resolution blog image,prefer CC BY/CC BY-SA/public domain/official reusable image; record attribution,本章关键概念速记的教学示意图,bottom,底部横向流程图,本页涉及数据流程相关概念，配图有助于把抽象关系转化为可视化教学对象。,no,关键词命中：缺失值；异常值。
ch02,第2章_Python数据处理与材料数据预处理_100页_Marp.md,127,课堂讨论题,yes,medium,材料组织,microscopy,显微组织；晶粒；组织识别；金相；Python 数据处理 材料数据预处理,microstructure; SEM; EBSD; Python data preprocessing materials dataset workflow,材料显微组织识别 图像 课堂讨论题,materials microstructure recognition microscopy image Python data preprocessing materials dataset workflow,official documentation; open educational resource; open access paper; Wikimedia Commons; university course material; government/lab source,AI-generated image; stock photo; watermark image; commercial copyrighted slide; low-resolution blog image,prefer CC BY/CC BY-SA/public domain/official reusable image; record attribution,课堂讨论题的教学示意图,right,右侧 40% 宽度,本页涉及材料组织相关概念，配图有助于把抽象关系转化为可视化教学对象。,no,关键词命中：显微组织。
ch02,第2章_Python数据处理与材料数据预处理_100页_Marp.md,128,本章简单Python编程作业,yes,high,数据流程,flowchart,数据采集；数据清洗；数据预处理；缺失值；异常值；数据标准化；数据流；Python 数据处理 材料数据预处理,Pandas; NumPy; CSV; Python data preprocessing materials dataset workflow,Python Pandas 数据预处理 数据清洗 流程图 本章简单Python编程作业,Python pandas data preprocessing workflow missing values feature scaling diagram Python data preprocessing materials dataset workflow,official documentation; open educational resource; open access paper; Wikimedia Commons; university course material; government/lab source,AI-generated image; stock photo; watermark image; commercial copyrighted slide; low-resolution blog image,prefer CC BY/CC BY-SA/public domain/official reusable image; record attribution,本章简单Python编程作业的教学示意图,bottom,底部横向流程图,本页涉及数据流程相关概念，配图有助于把抽象关系转化为可视化教学对象。,no,关键词命中：数据预处理；缺失值；异常值。
ch02,第2章_Python数据处理与材料数据预处理_100页_Marp.md,129,作业具体要求,yes,high,数据流程,flowchart,数据采集；数据清洗；数据预处理；缺失值；异常值；数据标准化；数据流；Python 数据处理 材料数据预处理,Pandas; NumPy; CSV; Python data preprocessing materials dataset workflow,Python Pandas 数据预处理 数据清洗 流程图 作业具体要求,Python pandas data preprocessing workflow missing values feature scaling diagram Python data preprocessing materials dataset workflow,official documentation; open educational resource; open access paper; Wikimedia Commons; university course material; government/lab source,AI-generated image; stock photo; watermark image; commercial copyrighted slide; low-resolution blog image,prefer CC BY/CC BY-SA/public domain/official reusable image; record attribution,作业具体要求的教学示意图,bottom,底部横向流程图,本页涉及数据流程相关概念，配图有助于把抽象关系转化为可视化教学对象。,no,关键词命中：缺失值；异常值；CSV。
ch02,第2章_Python数据处理与材料数据预处理_100页_Marp.md,130,作业参考代码框架,yes,high,数据流程,flowchart,数据采集；数据清洗；数据预处理；缺失值；异常值；数据标准化；数据流；Python 数据处理 材料数据预处理,Pandas; NumPy; CSV; Python data preprocessing materials dataset workflow,Python Pandas 数据预处理 数据清洗 流程图 作业参考代码框架,Python pandas data preprocessing workflow missing values feature scaling diagram Python data preprocessing materials dataset workflow,official documentation; open educational resource; open access paper; Wikimedia Commons; university course material; government/lab source,AI-generated image; stock photo; watermark image; commercial copyrighted slide; low-resolution blog image,prefer CC BY/CC BY-SA/public domain/official reusable image; record attribution,作业参考代码框架的教学示意图,bottom,底部横向流程图,本页涉及数据流程相关概念，配图有助于把抽象关系转化为可视化教学对象。,no,关键词命中：缺失值；Pandas；NumPy；CSV。
ch02,第2章_Python数据处理与材料数据预处理_100页_Marp.md,131,作业评价标准,yes,low,概念示意,schematic,作业评价标准；Python 数据处理 材料数据预处理,Python data preprocessing materials dataset workflow; concept diagram,Python 数据处理 材料数据预处理 作业评价标准 教学示意图,Python data preprocessing materials dataset workflow 作业评价标准 concept diagram open educational resource,official documentation; open educational resource; open access paper; Wikimedia Commons; university course material; government/lab source,AI-generated image; stock photo; watermark image; commercial copyrighted slide; low-resolution blog image,prefer CC BY/CC BY-SA/public domain/official reusable image; record attribution,作业评价标准的教学示意图,right,右侧 35% 宽度,本页包含较抽象的框架、流程或应用关系，可用简洁示意图辅助讲解。,no,低优先级，建议人工审核是否确有必要。
ch02,第2章_Python数据处理与材料数据预处理_100页_Marp.md,132,第2章结束 ,yes,high,算法流程,algorithm_diagram,贝叶斯；概率分布；先验；后验；似然；概率；正态分布；条件概率；Python 数据处理 材料数据预处理,Bayes; Python data preprocessing materials dataset workflow,贝叶斯定理 先验 后验 概率图示 第2章结束 ,Bayes theorem diagram probability prior posterior likelihood Python data preprocessing materials dataset workflow,official documentation; open educational resource; open access paper; Wikimedia Commons; university course material; government/lab source,AI-generated image; stock photo; watermark image; commercial copyrighted slide; low-resolution blog image,prefer CC BY/CC BY-SA/public domain/official reusable image; record attribution,第2章结束 的教学示意图,bottom,底部横向流程图,本页涉及算法机理相关概念，配图有助于把抽象关系转化为可视化教学对象。,no,关键词命中：贝叶斯；先验；后验；似然；概率。
