chapter,md_file,slide_id,slide_title,need_image,candidate_rank,download_status,local_path,relative_path,file_name,file_ext,file_size_bytes,width_px,height_px,sha256,source_page_url,direct_image_url,source_title,source_author,source_license,attribution_text,search_query_used,image_role,image_type,caption_zh,layout_hint,duplicate_of,quality_notes
ch06,第6章_生成式AI大语言模型与提示工程_100页_Marp.md,1,第6章 生成式AI、大语言模型与提示工程,yes,1,not_found,,,,,,,,,,,,,,,large language model Transformer attention mechanism prompt engineering workflow large language model Transformer attention mechanism prompt engineering workflow | 大语言模型 提示工程 Transformer 注意力机制 示意图 第6章 生成式AI、大语言模型与提示工程 | token LLM prompt large language model Transformer attention mechanism prompt engineering workflow diagram,概念示意,algorithm_diagram,第6章 生成式AI、大语言模型与提示工程的教学示意图,右侧 40% 宽度,,no suitable Wikimedia Commons image found after 3 query attempts
ch06,第6章_生成式AI大语言模型与提示工程_100页_Marp.md,4,本章知识梯度,yes,1,not_found,,,,,,,,,,,,,,,large language model Transformer attention mechanism prompt engineering workflow large language model Transformer attention mechanism prompt engineering workflow | 大语言模型 提示工程 Transformer 注意力机制 示意图 本章知识梯度 | token LLM prompt large language model Transformer attention mechanism prompt engineering workflow diagram,概念示意,algorithm_diagram,本章知识梯度的教学示意图,右侧 40% 宽度,,no suitable Wikimedia Commons image found after 3 query attempts
ch06,第6章_生成式AI大语言模型与提示工程_100页_Marp.md,5,从“分析式 AI”到“生成式 AI”,yes,1,not_found,,,,,,,,,,,,,,,large language model Transformer attention mechanism prompt engineering workflow large language model Transformer attention mechanism prompt engineering workflow | 大语言模型 提示工程 Transformer 注意力机制 示意图 从“分析式 AI”到“生成式 AI” | token LLM prompt large language model Transformer attention mechanism prompt engineering workflow diagram,概念示意,algorithm_diagram,从“分析式 AI”到“生成式 AI”的教学示意图,右侧 40% 宽度,,no suitable Wikimedia Commons image found after 3 query attempts
ch06,第6章_生成式AI大语言模型与提示工程_100页_Marp.md,6,本章的教学逻辑,yes,1,not_found,,,,,,,,,,,,,,,large language model Transformer attention mechanism prompt engineering workflow large language model Transformer attention mechanism prompt engineering workflow | 大语言模型 提示工程 Transformer 注意力机制 示意图 本章的教学逻辑 | token LLM prompt large language model Transformer attention mechanism prompt engineering workflow diagram,概念示意,algorithm_diagram,本章的教学逻辑的教学示意图,右侧 40% 宽度,,no suitable Wikimedia Commons image found after 3 query attempts
ch06,第6章_生成式AI大语言模型与提示工程_100页_Marp.md,7,第6章内容安排总览,yes,1,not_found,,,,,,,,,,,,,,,large language model Transformer attention mechanism prompt engineering workflow large language model Transformer attention mechanism prompt engineering workflow | 大语言模型 提示工程 Transformer 注意力机制 示意图 第6章内容安排总览 | token LLM prompt large language model Transformer attention mechanism prompt engineering workflow diagram,概念示意,algorithm_diagram,第6章内容安排总览的教学示意图,右侧 40% 宽度,,no suitable Wikimedia Commons image found after 3 query attempts
ch06,第6章_生成式AI大语言模型与提示工程_100页_Marp.md,8,关键术语预告,yes,1,not_found,,,,,,,,,,,,,,,large language model Transformer attention mechanism prompt engineering workflow large language model Transformer attention mechanism prompt engineering workflow | 大语言模型 提示工程 Transformer 注意力机制 示意图 关键术语预告 | token LLM prompt large language model Transformer attention mechanism prompt engineering workflow diagram,概念示意,algorithm_diagram,关键术语预告的教学示意图,右侧 40% 宽度,,no suitable Wikimedia Commons image found after 3 query attempts
ch06,第6章_生成式AI大语言模型与提示工程_100页_Marp.md,9,本章与前后章节的关系,yes,1,not_found,,,,,,,,,,,,,,,neural network architecture Transformer attention mechanism CNN diagram large language model Transformer attention mechanism prompt engineering workflow | 神经网络 Transformer 注意力机制 CNN 架构图 本章与前后章节的关系 | CNN RNN Transformer embedding large language model Transformer attention mechanism prompt engineering workflow diagram,算法流程,algorithm_diagram,本章与前后章节的关系的教学示意图,底部横向流程图,,no suitable Wikimedia Commons image found after 3 query attempts
ch06,第6章_生成式AI大语言模型与提示工程_100页_Marp.md,10,6.1 生成式AI概述：VAE、GAN、扩散模型,yes,1,not_found,,,,,,,,,,,,,,,large language model Transformer attention mechanism prompt engineering workflow large language model Transformer attention mechanism prompt engineering workflow | 大语言模型 提示工程 Transformer 注意力机制 示意图 6.1 生成式AI概述：VAE、GAN、扩散模型 | token LLM prompt large language model Transformer attention mechanism prompt engineering workflow diagram,概念示意,algorithm_diagram,6.1 生成式AI概述：VAE、GAN、扩散模型的教学示意图,右侧 40% 宽度,,no suitable Wikimedia Commons image found after 3 query attempts
ch06,第6章_生成式AI大语言模型与提示工程_100页_Marp.md,11,6.1 的学习任务,yes,1,not_found,,,,,,,,,,,,,,,large language model Transformer attention mechanism prompt engineering workflow large language model Transformer attention mechanism prompt engineering workflow | 大语言模型 提示工程 Transformer 注意力机制 示意图 6.1 的学习任务 | token LLM prompt large language model Transformer attention mechanism prompt engineering workflow diagram,概念示意,algorithm_diagram,6.1 的学习任务的教学示意图,右侧 40% 宽度,,no suitable Wikimedia Commons image found after 3 query attempts
ch06,第6章_生成式AI大语言模型与提示工程_100页_Marp.md,12,判别式模型与生成式模型,yes,1,not_found,,,,,,,,,,,,,,,large language model Transformer attention mechanism prompt engineering workflow large language model Transformer attention mechanism prompt engineering workflow | 大语言模型 提示工程 Transformer 注意力机制 示意图 判别式模型与生成式模型 | token LLM prompt large language model Transformer attention mechanism prompt engineering workflow diagram,概念示意,algorithm_diagram,判别式模型与生成式模型的教学示意图,右侧 40% 宽度,,no suitable Wikimedia Commons image found after 3 query attempts
ch06,第6章_生成式AI大语言模型与提示工程_100页_Marp.md,13,生成式 AI 的基本任务,yes,1,not_found,,,,,,,,,,,,,,,large language model Transformer attention mechanism prompt engineering workflow large language model Transformer attention mechanism prompt engineering workflow | 大语言模型 提示工程 Transformer 注意力机制 示意图 生成式 AI 的基本任务 | token LLM prompt large language model Transformer attention mechanism prompt engineering workflow diagram,概念示意,algorithm_diagram,生成式 AI 的基本任务的教学示意图,右侧 40% 宽度,,no suitable Wikimedia Commons image found after 3 query attempts
ch06,第6章_生成式AI大语言模型与提示工程_100页_Marp.md,14,生成式模型的概率视角,yes,1,not_found,,,,,,,,,,,,,,,Bayes theorem diagram probability prior posterior likelihood large language model Transformer attention mechanism prompt engineering workflow | 贝叶斯定理 先验 后验 概率图示 生成式模型的概率视角 | Bayes large language model Transformer attention mechanism prompt engineering workflow diagram,算法流程,algorithm_diagram,生成式模型的概率视角的教学示意图,底部横向流程图,,no suitable Wikimedia Commons image found after 3 query attempts
ch06,第6章_生成式AI大语言模型与提示工程_100页_Marp.md,15,生成式模型的共同难点,yes,1,not_found,,,,,,,,,,,,,,,large language model Transformer attention mechanism prompt engineering workflow large language model Transformer attention mechanism prompt engineering workflow | 大语言模型 提示工程 Transformer 注意力机制 示意图 生成式模型的共同难点 | token LLM prompt large language model Transformer attention mechanism prompt engineering workflow diagram,概念示意,algorithm_diagram,生成式模型的共同难点的教学示意图,右侧 40% 宽度,,no suitable Wikimedia Commons image found after 3 query attempts
ch06,第6章_生成式AI大语言模型与提示工程_100页_Marp.md,16,三类典型生成模型,yes,1,not_found,,,,,,,,,,,,,,,large language model Transformer attention mechanism prompt engineering workflow 三类典型生成模型 concept diagram open educational resource | 生成式AI 大语言模型 提示工程 三类典型生成模型 教学示意图 | large language model Transformer attention mechanism prompt engineering workflow concept diagram diagram,概念示意,schematic,三类典型生成模型的教学示意图,右侧 35% 宽度,,no suitable Wikimedia Commons image found after 3 query attempts
ch06,第6章_生成式AI大语言模型与提示工程_100页_Marp.md,17,VAE：从数据到潜空间,yes,1,not_found,,,,,,,,,,,,,,,neural network architecture Transformer attention mechanism CNN diagram large language model Transformer attention mechanism prompt engineering workflow | 神经网络 Transformer 注意力机制 CNN 架构图 VAE：从数据到潜空间 | CNN RNN Transformer embedding large language model Transformer attention mechanism prompt engineering workflow diagram,算法流程,algorithm_diagram,VAE：从数据到潜空间的教学示意图,底部横向流程图,,no suitable Wikimedia Commons image found after 3 query attempts
ch06,第6章_生成式AI大语言模型与提示工程_100页_Marp.md,18,VAE 的目标函数：ELBO,yes,1,not_found,,,,,,,,,,,,,,,Bayes theorem diagram probability prior posterior likelihood large language model Transformer attention mechanism prompt engineering workflow | 贝叶斯定理 先验 后验 概率图示 VAE 的目标函数：ELBO | Bayes large language model Transformer attention mechanism prompt engineering workflow diagram,算法流程,algorithm_diagram,VAE 的目标函数：ELBO的教学示意图,底部横向流程图,,no suitable Wikimedia Commons image found after 3 query attempts
ch06,第6章_生成式AI大语言模型与提示工程_100页_Marp.md,19,VAE 在材料图像中的直观理解,yes,1,not_found,,,,,,,,,,,,,,,materials microstructure recognition microscopy image large language model Transformer attention mechanism prompt engineering workflow | 材料显微组织识别 图像 VAE 在材料图像中的直观理解 | microstructure SEM EBSD large language model Transformer attention mechanism prompt engineering workflow diagram,材料组织,microscopy,VAE 在材料图像中的直观理解的教学示意图,右侧 40% 宽度,,no suitable Wikimedia Commons image found after 3 query attempts
ch06,第6章_生成式AI大语言模型与提示工程_100页_Marp.md,20,VAE 的材料案例思路,yes,1,not_found,,,,,,,,,,,,,,,materials microstructure recognition microscopy image large language model Transformer attention mechanism prompt engineering workflow | 材料显微组织识别 图像 VAE 的材料案例思路 | microstructure SEM EBSD large language model Transformer attention mechanism prompt engineering workflow diagram,材料组织,microscopy,VAE 的材料案例思路的教学示意图,右侧 40% 宽度,,no suitable Wikimedia Commons image found after 3 query attempts
ch06,第6章_生成式AI大语言模型与提示工程_100页_Marp.md,21,GAN：生成器与判别器的博弈,yes,1,not_found,,,,,,,,,,,,,,,large language model Transformer attention mechanism prompt engineering workflow GAN：生成器与判别器的博弈 concept diagram open educational resource | 生成式AI 大语言模型 提示工程 GAN：生成器与判别器的博弈 教学示意图 | large language model Transformer attention mechanism prompt engineering workflow concept diagram diagram,概念示意,schematic,GAN：生成器与判别器的博弈的教学示意图,右侧 35% 宽度,,no suitable Wikimedia Commons image found after 3 query attempts
ch06,第6章_生成式AI大语言模型与提示工程_100页_Marp.md,23,GAN 的优点与风险,yes,1,not_found,,,,,,,,,,,,,,,machine learning workflow feature engineering model training evaluation diagram large language model Transformer attention mechanism prompt engineering workflow | 机器学习流程 特征工程 模型训练 评估 示意图 GAN 的优点与风险 | SVM KNN large language model Transformer attention mechanism prompt engineering workflow diagram,算法流程,flowchart,GAN 的优点与风险的教学示意图,底部横向流程图,,no suitable Wikimedia Commons image found after 3 query attempts
ch06,第6章_生成式AI大语言模型与提示工程_100页_Marp.md,25,扩散模型：从加噪到去噪,yes,1,not_found,,,,,,,,,,,,,,,large language model Transformer attention mechanism prompt engineering workflow 扩散模型：从加噪到去噪 concept diagram open educational resource | 生成式AI 大语言模型 提示工程 扩散模型：从加噪到去噪 教学示意图 | large language model Transformer attention mechanism prompt engineering workflow concept diagram diagram,概念示意,schematic,扩散模型：从加噪到去噪的教学示意图,右侧 35% 宽度,,no suitable Wikimedia Commons image found after 3 query attempts
ch06,第6章_生成式AI大语言模型与提示工程_100页_Marp.md,26,扩散模型的正向加噪过程,yes,1,not_found,,,,,,,,,,,,,,,large language model Transformer attention mechanism prompt engineering workflow 扩散模型的正向加噪过程 concept diagram open educational resource | 生成式AI 大语言模型 提示工程 扩散模型的正向加噪过程 教学示意图 | large language model Transformer attention mechanism prompt engineering workflow concept diagram diagram,概念示意,schematic,扩散模型的正向加噪过程的教学示意图,右侧 35% 宽度,,no suitable Wikimedia Commons image found after 3 query attempts
ch06,第6章_生成式AI大语言模型与提示工程_100页_Marp.md,27,扩散模型的去噪学习,yes,1,not_found,,,,,,,,,,,,,,,large language model Transformer attention mechanism prompt engineering workflow 扩散模型的去噪学习 concept diagram open educational resource | 生成式AI 大语言模型 提示工程 扩散模型的去噪学习 教学示意图 | large language model Transformer attention mechanism prompt engineering workflow concept diagram diagram,概念示意,schematic,扩散模型的去噪学习的教学示意图,右侧 35% 宽度,,no suitable Wikimedia Commons image found after 3 query attempts
ch06,第6章_生成式AI大语言模型与提示工程_100页_Marp.md,28,扩散模型为何重要,yes,1,not_found,,,,,,,,,,,,,,,large language model Transformer attention mechanism prompt engineering workflow 扩散模型为何重要 concept diagram open educational resource | 生成式AI 大语言模型 提示工程 扩散模型为何重要 教学示意图 | large language model Transformer attention mechanism prompt engineering workflow concept diagram diagram,概念示意,schematic,扩散模型为何重要的教学示意图,右侧 35% 宽度,,no suitable Wikimedia Commons image found after 3 query attempts
ch06,第6章_生成式AI大语言模型与提示工程_100页_Marp.md,29,条件生成：让生成服从约束,yes,1,not_found,,,,,,,,,,,,,,,large language model Transformer attention mechanism prompt engineering workflow 条件生成：让生成服从约束 concept diagram open educational resource | 生成式AI 大语言模型 提示工程 条件生成：让生成服从约束 教学示意图 | large language model Transformer attention mechanism prompt engineering workflow concept diagram diagram,概念示意,schematic,条件生成：让生成服从约束的教学示意图,右侧 35% 宽度,,no suitable Wikimedia Commons image found after 3 query attempts
ch06,第6章_生成式AI大语言模型与提示工程_100页_Marp.md,30,生成式 AI 的评价维度,yes,1,not_found,,,,,,,,,,,,,,,machine learning workflow feature engineering model training evaluation diagram large language model Transformer attention mechanism prompt engineering workflow | 机器学习流程 特征工程 模型训练 评估 示意图 生成式 AI 的评价维度 | SVM KNN large language model Transformer attention mechanism prompt engineering workflow diagram,算法流程,flowchart,生成式 AI 的评价维度的教学示意图,底部横向流程图,,no suitable Wikimedia Commons image found after 3 query attempts
ch06,第6章_生成式AI大语言模型与提示工程_100页_Marp.md,32,6.2 大语言模型基本原理与能力边界 △,yes,1,not_found,,,,,,,,,,,,,,,large language model Transformer attention mechanism prompt engineering workflow large language model Transformer attention mechanism prompt engineering workflow | 大语言模型 提示工程 Transformer 注意力机制 示意图 6.2 大语言模型基本原理与能力边界 △ | token LLM prompt large language model Transformer attention mechanism prompt engineering workflow diagram,概念示意,algorithm_diagram,6.2 大语言模型基本原理与能力边界 △的教学示意图,右侧 40% 宽度,,no suitable Wikimedia Commons image found after 3 query attempts
ch06,第6章_生成式AI大语言模型与提示工程_100页_Marp.md,33,6.2 的学习任务,yes,1,not_found,,,,,,,,,,,,,,,neural network architecture Transformer attention mechanism CNN diagram large language model Transformer attention mechanism prompt engineering workflow | 神经网络 Transformer 注意力机制 CNN 架构图 6.2 的学习任务 | CNN RNN Transformer embedding large language model Transformer attention mechanism prompt engineering workflow diagram,算法流程,algorithm_diagram,6.2 的学习任务的教学示意图,底部横向流程图,,no suitable Wikimedia Commons image found after 3 query attempts
ch06,第6章_生成式AI大语言模型与提示工程_100页_Marp.md,34,语言模型的基本目标,yes,1,not_found,,,,,,,,,,,,,,,large language model Transformer attention mechanism prompt engineering workflow large language model Transformer attention mechanism prompt engineering workflow | 大语言模型 提示工程 Transformer 注意力机制 示意图 语言模型的基本目标 | token LLM prompt large language model Transformer attention mechanism prompt engineering workflow diagram,概念示意,algorithm_diagram,语言模型的基本目标的教学示意图,右侧 40% 宽度,,no suitable Wikimedia Commons image found after 3 query attempts
ch06,第6章_生成式AI大语言模型与提示工程_100页_Marp.md,35,Token：语言模型的基本单位,yes,1,not_found,,,,,,,,,,,,,,,large language model Transformer attention mechanism prompt engineering workflow large language model Transformer attention mechanism prompt engineering workflow | 大语言模型 提示工程 Transformer 注意力机制 示意图 Token：语言模型的基本单位 | token LLM prompt large language model Transformer attention mechanism prompt engineering workflow diagram,概念示意,algorithm_diagram,Token：语言模型的基本单位的教学示意图,右侧 40% 宽度,,no suitable Wikimedia Commons image found after 3 query attempts
ch06,第6章_生成式AI大语言模型与提示工程_100页_Marp.md,36,嵌入：把 token 变成向量,yes,1,not_found,,,,,,,,,,,,,,,large language model Transformer attention mechanism prompt engineering workflow large language model Transformer attention mechanism prompt engineering workflow | 大语言模型 提示工程 Transformer 注意力机制 示意图 嵌入：把 token 变成向量 | token LLM prompt large language model Transformer attention mechanism prompt engineering workflow diagram,概念示意,algorithm_diagram,嵌入：把 token 变成向量的教学示意图,右侧 40% 宽度,,no suitable Wikimedia Commons image found after 3 query attempts
ch06,第6章_生成式AI大语言模型与提示工程_100页_Marp.md,37,上下文窗口,yes,1,not_found,,,,,,,,,,,,,,,neural network architecture Transformer attention mechanism CNN diagram large language model Transformer attention mechanism prompt engineering workflow | 神经网络 Transformer 注意力机制 CNN 架构图 上下文窗口 | CNN RNN Transformer embedding large language model Transformer attention mechanism prompt engineering workflow diagram,算法流程,algorithm_diagram,上下文窗口的教学示意图,底部横向流程图,,no suitable Wikimedia Commons image found after 3 query attempts
ch06,第6章_生成式AI大语言模型与提示工程_100页_Marp.md,38,Transformer 的核心：注意力机制,yes,1,not_found,,,,,,,,,,,,,,,neural network architecture Transformer attention mechanism CNN diagram large language model Transformer attention mechanism prompt engineering workflow | 神经网络 Transformer 注意力机制 CNN 架构图 Transformer 的核心：注意力机制 | CNN RNN Transformer embedding large language model Transformer attention mechanism prompt engineering workflow diagram,算法流程,algorithm_diagram,Transformer 的核心：注意力机制的教学示意图,底部横向流程图,,no suitable Wikimedia Commons image found after 3 query attempts
ch06,第6章_生成式AI大语言模型与提示工程_100页_Marp.md,39,注意力机制的直观解释,yes,1,not_found,,,,,,,,,,,,,,,neural network architecture Transformer attention mechanism CNN diagram large language model Transformer attention mechanism prompt engineering workflow | 神经网络 Transformer 注意力机制 CNN 架构图 注意力机制的直观解释 | CNN RNN Transformer embedding large language model Transformer attention mechanism prompt engineering workflow diagram,算法流程,algorithm_diagram,注意力机制的直观解释的教学示意图,底部横向流程图,,no suitable Wikimedia Commons image found after 3 query attempts
ch06,第6章_生成式AI大语言模型与提示工程_100页_Marp.md,40,多头注意力,yes,1,not_found,,,,,,,,,,,,,,,neural network architecture Transformer attention mechanism CNN diagram large language model Transformer attention mechanism prompt engineering workflow | 神经网络 Transformer 注意力机制 CNN 架构图 多头注意力 | CNN RNN Transformer embedding large language model Transformer attention mechanism prompt engineering workflow diagram,算法流程,algorithm_diagram,多头注意力的教学示意图,底部横向流程图,,no suitable Wikimedia Commons image found after 3 query attempts
ch06,第6章_生成式AI大语言模型与提示工程_100页_Marp.md,41,预训练：从大规模文本中学习语言规律,yes,1,not_found,,,,,,,,,,,,,,,large language model Transformer attention mechanism prompt engineering workflow 预训练：从大规模文本中学习语言规律 concept diagram open educational resource | 生成式AI 大语言模型 提示工程 预训练：从大规模文本中学习语言规律 教学示意图 | large language model Transformer attention mechanism prompt engineering workflow concept diagram diagram,概念示意,schematic,预训练：从大规模文本中学习语言规律的教学示意图,右侧 35% 宽度,,no suitable Wikimedia Commons image found after 3 query attempts
ch06,第6章_生成式AI大语言模型与提示工程_100页_Marp.md,42,指令微调与对齐,yes,1,not_found,,,,,,,,,,,,,,,large language model Transformer attention mechanism prompt engineering workflow large language model Transformer attention mechanism prompt engineering workflow | 大语言模型 提示工程 Transformer 注意力机制 示意图 指令微调与对齐 | token LLM prompt large language model Transformer attention mechanism prompt engineering workflow diagram,概念示意,algorithm_diagram,指令微调与对齐的教学示意图,右侧 40% 宽度,,no suitable Wikimedia Commons image found after 3 query attempts
ch06,第6章_生成式AI大语言模型与提示工程_100页_Marp.md,43,LLM 的能力来源,yes,1,not_found,,,,,,,,,,,,,,,neural network architecture Transformer attention mechanism CNN diagram large language model Transformer attention mechanism prompt engineering workflow | 神经网络 Transformer 注意力机制 CNN 架构图 LLM 的能力来源 | CNN RNN Transformer embedding large language model Transformer attention mechanism prompt engineering workflow diagram,算法流程,algorithm_diagram,LLM 的能力来源的教学示意图,底部横向流程图,,no suitable Wikimedia Commons image found after 3 query attempts
ch06,第6章_生成式AI大语言模型与提示工程_100页_Marp.md,44,LLM 不是严格意义的知识库,yes,1,not_found,,,,,,,,,,,,,,,large language model Transformer attention mechanism prompt engineering workflow large language model Transformer attention mechanism prompt engineering workflow | 大语言模型 提示工程 Transformer 注意力机制 示意图 LLM 不是严格意义的知识库 | token LLM prompt large language model Transformer attention mechanism prompt engineering workflow diagram,概念示意,algorithm_diagram,LLM 不是严格意义的知识库的教学示意图,右侧 40% 宽度,,no suitable Wikimedia Commons image found after 3 query attempts
ch06,第6章_生成式AI大语言模型与提示工程_100页_Marp.md,45,LLM 的能力边界：事实性,yes,1,not_found,,,,,,,,,,,,,,,large language model Transformer attention mechanism prompt engineering workflow large language model Transformer attention mechanism prompt engineering workflow | 大语言模型 提示工程 Transformer 注意力机制 示意图 LLM 的能力边界：事实性 | token LLM prompt large language model Transformer attention mechanism prompt engineering workflow diagram,概念示意,algorithm_diagram,LLM 的能力边界：事实性的教学示意图,右侧 40% 宽度,,no suitable Wikimedia Commons image found after 3 query attempts
ch06,第6章_生成式AI大语言模型与提示工程_100页_Marp.md,46,LLM 的能力边界：数值与计算,yes,1,not_found,,,,,,,,,,,,,,,large language model Transformer attention mechanism prompt engineering workflow large language model Transformer attention mechanism prompt engineering workflow | 大语言模型 提示工程 Transformer 注意力机制 示意图 LLM 的能力边界：数值与计算 | token LLM prompt large language model Transformer attention mechanism prompt engineering workflow diagram,概念示意,algorithm_diagram,LLM 的能力边界：数值与计算的教学示意图,右侧 40% 宽度,,no suitable Wikimedia Commons image found after 3 query attempts
ch06,第6章_生成式AI大语言模型与提示工程_100页_Marp.md,47,LLM 的能力边界：材料科学专业性,yes,1,not_found,,,,,,,,,,,,,,,large language model Transformer attention mechanism prompt engineering workflow large language model Transformer attention mechanism prompt engineering workflow | 大语言模型 提示工程 Transformer 注意力机制 示意图 LLM 的能力边界：材料科学专业性 | token LLM prompt large language model Transformer attention mechanism prompt engineering workflow diagram,概念示意,algorithm_diagram,LLM 的能力边界：材料科学专业性的教学示意图,右侧 40% 宽度,,no suitable Wikimedia Commons image found after 3 query attempts
ch06,第6章_生成式AI大语言模型与提示工程_100页_Marp.md,48,温度参数与生成随机性,yes,1,not_found,,,,,,,,,,,,,,,large language model Transformer attention mechanism prompt engineering workflow large language model Transformer attention mechanism prompt engineering workflow | 大语言模型 提示工程 Transformer 注意力机制 示意图 温度参数与生成随机性 | token LLM prompt large language model Transformer attention mechanism prompt engineering workflow diagram,概念示意,algorithm_diagram,温度参数与生成随机性的教学示意图,右侧 40% 宽度,,no suitable Wikimedia Commons image found after 3 query attempts
ch06,第6章_生成式AI大语言模型与提示工程_100页_Marp.md,49,课堂演示：温度对采样的影响,yes,1,not_found,,,,,,,,,,,,,,,Python pandas data preprocessing workflow missing values feature scaling diagram large language model Transformer attention mechanism prompt engineering workflow | Python Pandas 数据预处理 数据清洗 流程图 课堂演示：温度对采样的影响 | Pandas NumPy CSV large language model Transformer attention mechanism prompt engineering workflow diagram,数据流程,flowchart,课堂演示：温度对采样的影响的教学示意图,底部横向流程图,,no suitable Wikimedia Commons image found after 3 query attempts
ch06,第6章_生成式AI大语言模型与提示工程_100页_Marp.md,50,LLM 输出的三类使用方式,yes,1,not_found,,,,,,,,,,,,,,,large language model Transformer attention mechanism prompt engineering workflow large language model Transformer attention mechanism prompt engineering workflow | 大语言模型 提示工程 Transformer 注意力机制 示意图 LLM 输出的三类使用方式 | token LLM prompt large language model Transformer attention mechanism prompt engineering workflow diagram,概念示意,algorithm_diagram,LLM 输出的三类使用方式的教学示意图,右侧 40% 宽度,,no suitable Wikimedia Commons image found after 3 query attempts
ch06,第6章_生成式AI大语言模型与提示工程_100页_Marp.md,52,6.3 提示工程：角色、任务、约束、格式与示例 △★,yes,1,not_found,,,,,,,,,,,,,,,large language model Transformer attention mechanism prompt engineering workflow large language model Transformer attention mechanism prompt engineering workflow | 大语言模型 提示工程 Transformer 注意力机制 示意图 6.3 提示工程：角色、任务、约束、格式与示例 △★ | token LLM prompt large language model Transformer attention mechanism prompt engineering workflow diagram,概念示意,algorithm_diagram,6.3 提示工程：角色、任务、约束、格式与示例 △★的教学示意图,右侧 40% 宽度,,no suitable Wikimedia Commons image found after 3 query attempts
ch06,第6章_生成式AI大语言模型与提示工程_100页_Marp.md,53,6.3 的学习任务,yes,1,not_found,,,,,,,,,,,,,,,large language model Transformer attention mechanism prompt engineering workflow large language model Transformer attention mechanism prompt engineering workflow | 大语言模型 提示工程 Transformer 注意力机制 示意图 6.3 的学习任务 | token LLM prompt large language model Transformer attention mechanism prompt engineering workflow diagram,概念示意,algorithm_diagram,6.3 的学习任务的教学示意图,右侧 40% 宽度,,no suitable Wikimedia Commons image found after 3 query attempts
ch06,第6章_生成式AI大语言模型与提示工程_100页_Marp.md,54,提示工程的基本结构,yes,1,not_found,,,,,,,,,,,,,,,large language model Transformer attention mechanism prompt engineering workflow large language model Transformer attention mechanism prompt engineering workflow | 大语言模型 提示工程 Transformer 注意力机制 示意图 提示工程的基本结构 | token LLM prompt large language model Transformer attention mechanism prompt engineering workflow diagram,概念示意,algorithm_diagram,提示工程的基本结构的教学示意图,右侧 40% 宽度,,no suitable Wikimedia Commons image found after 3 query attempts
ch06,第6章_生成式AI大语言模型与提示工程_100页_Marp.md,55,从坏提示到好提示,yes,1,not_found,,,,,,,,,,,,,,,Bayesian optimization active learning loop acquisition function AI agent workflow large language model Transformer attention mechanism prompt engineering workflow | 贝叶斯优化 主动学习 闭环 AI Agent 流程图 从坏提示到好提示 | AI Agent large language model Transformer attention mechanism prompt engineering workflow diagram,算法流程,flowchart,从坏提示到好提示的教学示意图,底部横向流程图,,no suitable Wikimedia Commons image found after 3 query attempts
ch06,第6章_生成式AI大语言模型与提示工程_100页_Marp.md,56,角色设定：不是装饰，而是限定视角,yes,1,not_found,,,,,,,,,,,,,,,trustworthy AI framework data privacy fairness explainability robustness diagram large language model Transformer attention mechanism prompt engineering workflow | 可信AI 数据安全 隐私 公平性 可解释性 示意图 角色设定：不是装饰，而是限定视角 | 可信AI large language model Transformer attention mechanism prompt engineering workflow diagram,安全合规案例,schematic,角色设定：不是装饰，而是限定视角的教学示意图,右侧 40% 宽度,,no suitable Wikimedia Commons image found after 3 query attempts
ch06,第6章_生成式AI大语言模型与提示工程_100页_Marp.md,58,背景信息：避免模型默认假设,yes,1,not_found,,,,,,,,,,,,,,,large language model Transformer attention mechanism prompt engineering workflow large language model Transformer attention mechanism prompt engineering workflow | 大语言模型 提示工程 Transformer 注意力机制 示意图 背景信息：避免模型默认假设 | token LLM prompt large language model Transformer attention mechanism prompt engineering workflow diagram,概念示意,algorithm_diagram,背景信息：避免模型默认假设的教学示意图,右侧 40% 宽度,,no suitable Wikimedia Commons image found after 3 query attempts
ch06,第6章_生成式AI大语言模型与提示工程_100页_Marp.md,60,输出格式：提高可用性,yes,1,not_found,,,,,,,,,,,,,,,large language model Transformer attention mechanism prompt engineering workflow 输出格式：提高可用性 concept diagram open educational resource | 生成式AI 大语言模型 提示工程 输出格式：提高可用性 教学示意图 | large language model Transformer attention mechanism prompt engineering workflow concept diagram diagram,概念示意,schematic,输出格式：提高可用性的教学示意图,右侧 35% 宽度,,no suitable Wikimedia Commons image found after 3 query attempts
ch06,第6章_生成式AI大语言模型与提示工程_100页_Marp.md,61,示例提示：Few-shot 思想,yes,1,not_found,,,,,,,,,,,,,,,large language model Transformer attention mechanism prompt engineering workflow 示例提示：Few-shot 思想 concept diagram open educational resource | 生成式AI 大语言模型 提示工程 示例提示：Few-shot 思想 教学示意图 | large language model Transformer attention mechanism prompt engineering workflow concept diagram diagram,概念示意,schematic,示例提示：Few-shot 思想的教学示意图,右侧 35% 宽度,,no suitable Wikimedia Commons image found after 3 query attempts
ch06,第6章_生成式AI大语言模型与提示工程_100页_Marp.md,63,提示模板：代码生成,yes,1,not_found,,,,,,,,,,,,,,,Python pandas data preprocessing workflow missing values feature scaling diagram large language model Transformer attention mechanism prompt engineering workflow | Python Pandas 数据预处理 数据清洗 流程图 提示模板：代码生成 | Pandas NumPy CSV large language model Transformer attention mechanism prompt engineering workflow diagram,数据流程,flowchart,提示模板：代码生成的教学示意图,底部横向流程图,,no suitable Wikimedia Commons image found after 3 query attempts
ch06,第6章_生成式AI大语言模型与提示工程_100页_Marp.md,64,提示模板：实验方案设计,yes,1,not_found,,,,,,,,,,,,,,,large language model Transformer attention mechanism prompt engineering workflow 提示模板：实验方案设计 concept diagram open educational resource | 生成式AI 大语言模型 提示工程 提示模板：实验方案设计 教学示意图 | large language model Transformer attention mechanism prompt engineering workflow concept diagram diagram,概念示意,schematic,提示模板：实验方案设计的教学示意图,右侧 35% 宽度,,no suitable Wikimedia Commons image found after 3 query attempts
ch06,第6章_生成式AI大语言模型与提示工程_100页_Marp.md,65,提示模板：审稿式检查,yes,1,not_found,,,,,,,,,,,,,,,large language model Transformer attention mechanism prompt engineering workflow 提示模板：审稿式检查 concept diagram open educational resource | 生成式AI 大语言模型 提示工程 提示模板：审稿式检查 教学示意图 | large language model Transformer attention mechanism prompt engineering workflow concept diagram diagram,概念示意,schematic,提示模板：审稿式检查的教学示意图,右侧 35% 宽度,,no suitable Wikimedia Commons image found after 3 query attempts
ch06,第6章_生成式AI大语言模型与提示工程_100页_Marp.md,66,提示工程中的负面约束,yes,1,not_found,,,,,,,,,,,,,,,large language model Transformer attention mechanism prompt engineering workflow large language model Transformer attention mechanism prompt engineering workflow | 大语言模型 提示工程 Transformer 注意力机制 示意图 提示工程中的负面约束 | token LLM prompt large language model Transformer attention mechanism prompt engineering workflow diagram,概念示意,algorithm_diagram,提示工程中的负面约束的教学示意图,右侧 40% 宽度,,no suitable Wikimedia Commons image found after 3 query attempts
ch06,第6章_生成式AI大语言模型与提示工程_100页_Marp.md,67,分步提示：复杂任务拆解,yes,1,not_found,,,,,,,,,,,,,,,large language model Transformer attention mechanism prompt engineering workflow 分步提示：复杂任务拆解 concept diagram open educational resource | 生成式AI 大语言模型 提示工程 分步提示：复杂任务拆解 教学示意图 | large language model Transformer attention mechanism prompt engineering workflow concept diagram diagram,概念示意,schematic,分步提示：复杂任务拆解的教学示意图,右侧 35% 宽度,,no suitable Wikimedia Commons image found after 3 query attempts
ch06,第6章_生成式AI大语言模型与提示工程_100页_Marp.md,68,结构化输出：JSON 与表格,yes,1,not_found,,,,,,,,,,,,,,,large language model Transformer attention mechanism prompt engineering workflow 结构化输出：JSON 与表格 concept diagram open educational resource | 生成式AI 大语言模型 提示工程 结构化输出：JSON 与表格 教学示意图 | large language model Transformer attention mechanism prompt engineering workflow concept diagram diagram,概念示意,schematic,结构化输出：JSON 与表格的教学示意图,右侧 35% 宽度,,no suitable Wikimedia Commons image found after 3 query attempts
ch06,第6章_生成式AI大语言模型与提示工程_100页_Marp.md,71,6.4 LLM在文献阅读、代码生成、实验方案设计中的应用,yes,1,not_found,,,,,,,,,,,,,,,large language model Transformer attention mechanism prompt engineering workflow large language model Transformer attention mechanism prompt engineering workflow | 大语言模型 提示工程 Transformer 注意力机制 示意图 6.4 LLM在文献阅读、代码生成、实验方案设计中的应用 | token LLM prompt large language model Transformer attention mechanism prompt engineering workflow diagram,概念示意,algorithm_diagram,6.4 LLM在文献阅读、代码生成、实验方案设计中的应用的教学示意图,右侧 40% 宽度,,no suitable Wikimedia Commons image found after 3 query attempts
ch06,第6章_生成式AI大语言模型与提示工程_100页_Marp.md,72,6.4 的学习任务,yes,1,not_found,,,,,,,,,,,,,,,large language model Transformer attention mechanism prompt engineering workflow large language model Transformer attention mechanism prompt engineering workflow | 大语言模型 提示工程 Transformer 注意力机制 示意图 6.4 的学习任务 | token LLM prompt large language model Transformer attention mechanism prompt engineering workflow diagram,概念示意,algorithm_diagram,6.4 的学习任务的教学示意图,右侧 40% 宽度,,no suitable Wikimedia Commons image found after 3 query attempts
ch06,第6章_生成式AI大语言模型与提示工程_100页_Marp.md,73,文献阅读：适合让 LLM 做什么？,yes,1,not_found,,,,,,,,,,,,,,,large language model Transformer attention mechanism prompt engineering workflow large language model Transformer attention mechanism prompt engineering workflow | 大语言模型 提示工程 Transformer 注意力机制 示意图 文献阅读：适合让 LLM 做什么？ | token LLM prompt large language model Transformer attention mechanism prompt engineering workflow diagram,概念示意,algorithm_diagram,文献阅读：适合让 LLM 做什么？的教学示意图,右侧 40% 宽度,,no suitable Wikimedia Commons image found after 3 query attempts
ch06,第6章_生成式AI大语言模型与提示工程_100页_Marp.md,74,文献阅读工作流,yes,1,not_found,,,,,,,,,,,,,,,large language model Transformer attention mechanism prompt engineering workflow large language model Transformer attention mechanism prompt engineering workflow | 大语言模型 提示工程 Transformer 注意力机制 示意图 文献阅读工作流 | token LLM prompt large language model Transformer attention mechanism prompt engineering workflow diagram,概念示意,algorithm_diagram,文献阅读工作流的教学示意图,右侧 40% 宽度,,no suitable Wikimedia Commons image found after 3 query attempts
ch06,第6章_生成式AI大语言模型与提示工程_100页_Marp.md,75,文献矩阵模板,yes,1,not_found,,,,,,,,,,,,,,,large language model Transformer attention mechanism prompt engineering workflow 文献矩阵模板 concept diagram open educational resource | 生成式AI 大语言模型 提示工程 文献矩阵模板 教学示意图 | large language model Transformer attention mechanism prompt engineering workflow concept diagram diagram,概念示意,schematic,文献矩阵模板的教学示意图,右侧 35% 宽度,,no suitable Wikimedia Commons image found after 3 query attempts
ch06,第6章_生成式AI大语言模型与提示工程_100页_Marp.md,76,LLM 辅助综述写作的边界,yes,1,not_found,,,,,,,,,,,,,,,large language model Transformer attention mechanism prompt engineering workflow large language model Transformer attention mechanism prompt engineering workflow | 大语言模型 提示工程 Transformer 注意力机制 示意图 LLM 辅助综述写作的边界 | token LLM prompt large language model Transformer attention mechanism prompt engineering workflow diagram,概念示意,algorithm_diagram,LLM 辅助综述写作的边界的教学示意图,右侧 40% 宽度,,no suitable Wikimedia Commons image found after 3 query attempts
ch06,第6章_生成式AI大语言模型与提示工程_100页_Marp.md,77,代码生成：适合场景,yes,1,not_found,,,,,,,,,,,,,,,large language model Transformer attention mechanism prompt engineering workflow large language model Transformer attention mechanism prompt engineering workflow | 大语言模型 提示工程 Transformer 注意力机制 示意图 代码生成：适合场景 | token LLM prompt large language model Transformer attention mechanism prompt engineering workflow diagram,概念示意,algorithm_diagram,代码生成：适合场景的教学示意图,右侧 40% 宽度,,no suitable Wikimedia Commons image found after 3 query attempts
ch06,第6章_生成式AI大语言模型与提示工程_100页_Marp.md,78,代码生成工作流,yes,1,not_found,,,,,,,,,,,,,,,large language model Transformer attention mechanism prompt engineering workflow large language model Transformer attention mechanism prompt engineering workflow | 大语言模型 提示工程 Transformer 注意力机制 示意图 代码生成工作流 | token LLM prompt large language model Transformer attention mechanism prompt engineering workflow diagram,概念示意,algorithm_diagram,代码生成工作流的教学示意图,右侧 40% 宽度,,no suitable Wikimedia Commons image found after 3 query attempts
ch06,第6章_生成式AI大语言模型与提示工程_100页_Marp.md,79,课堂示例：生成最小数据分析脚本,yes,1,not_found,,,,,,,,,,,,,,,Python pandas data preprocessing workflow missing values feature scaling diagram large language model Transformer attention mechanism prompt engineering workflow | Python Pandas 数据预处理 数据清洗 流程图 课堂示例：生成最小数据分析脚本 | Pandas NumPy CSV large language model Transformer attention mechanism prompt engineering workflow diagram,数据流程,flowchart,课堂示例：生成最小数据分析脚本的教学示意图,底部横向流程图,,no suitable Wikimedia Commons image found after 3 query attempts
ch06,第6章_生成式AI大语言模型与提示工程_100页_Marp.md,81,实验方案设计：LLM 的辅助价值,yes,1,not_found,,,,,,,,,,,,,,,large language model Transformer attention mechanism prompt engineering workflow large language model Transformer attention mechanism prompt engineering workflow | 大语言模型 提示工程 Transformer 注意力机制 示意图 实验方案设计：LLM 的辅助价值 | token LLM prompt large language model Transformer attention mechanism prompt engineering workflow diagram,概念示意,algorithm_diagram,实验方案设计：LLM 的辅助价值的教学示意图,右侧 40% 宽度,,no suitable Wikimedia Commons image found after 3 query attempts
ch06,第6章_生成式AI大语言模型与提示工程_100页_Marp.md,82,实验方案设计流程,yes,1,not_found,,,,,,,,,,,,,,,large language model Transformer attention mechanism prompt engineering workflow large language model Transformer attention mechanism prompt engineering workflow | 大语言模型 提示工程 Transformer 注意力机制 示意图 实验方案设计流程 | token LLM prompt large language model Transformer attention mechanism prompt engineering workflow diagram,概念示意,algorithm_diagram,实验方案设计流程的教学示意图,底部横向流程图,,no suitable Wikimedia Commons image found after 3 query attempts
ch06,第6章_生成式AI大语言模型与提示工程_100页_Marp.md,83,材料实验方案提示示例,yes,1,not_found,,,,,,,,,,,,,,,materials microstructure recognition microscopy image large language model Transformer attention mechanism prompt engineering workflow | 材料显微组织识别 图像 材料实验方案提示示例 | microstructure SEM EBSD large language model Transformer attention mechanism prompt engineering workflow diagram,材料组织,microscopy,材料实验方案提示示例的教学示意图,右侧 40% 宽度,,no suitable Wikimedia Commons image found after 3 query attempts
ch06,第6章_生成式AI大语言模型与提示工程_100页_Marp.md,84,LLM 在科研流程中的位置,yes,1,not_found,,,,,,,,,,,,,,,large language model Transformer attention mechanism prompt engineering workflow large language model Transformer attention mechanism prompt engineering workflow | 大语言模型 提示工程 Transformer 注意力机制 示意图 LLM 在科研流程中的位置 | token LLM prompt large language model Transformer attention mechanism prompt engineering workflow diagram,概念示意,algorithm_diagram,LLM 在科研流程中的位置的教学示意图,底部横向流程图,,no suitable Wikimedia Commons image found after 3 query attempts
ch06,第6章_生成式AI大语言模型与提示工程_100页_Marp.md,86,6.5 材料科学中的生成式AI：结构生成、组织图像生成、合成,yes,1,not_found,,,,,,,,,,,,,,,large language model Transformer attention mechanism prompt engineering workflow large language model Transformer attention mechanism prompt engineering workflow | 大语言模型 提示工程 Transformer 注意力机制 示意图 6.5 材料科学中的生成式AI：结构生成、组织图像生成、合成 | token LLM prompt large language model Transformer attention mechanism prompt engineering workflow diagram,概念示意,algorithm_diagram,6.5 材料科学中的生成式AI：结构生成、组织图像生成、合成的教学示意图,右侧 40% 宽度,,no suitable Wikimedia Commons image found after 3 query attempts
ch06,第6章_生成式AI大语言模型与提示工程_100页_Marp.md,87,6.5 的学习任务,yes,1,not_found,,,,,,,,,,,,,,,materials microstructure recognition microscopy image large language model Transformer attention mechanism prompt engineering workflow | 材料显微组织识别 图像 6.5 的学习任务 | microstructure SEM EBSD large language model Transformer attention mechanism prompt engineering workflow diagram,材料组织,microscopy,6.5 的学习任务的教学示意图,右侧 40% 宽度,,no suitable Wikimedia Commons image found after 3 query attempts
ch06,第6章_生成式AI大语言模型与提示工程_100页_Marp.md,88,材料生成任务的特殊性,yes,1,not_found,,,,,,,,,,,,,,,trustworthy AI framework data privacy fairness explainability robustness diagram large language model Transformer attention mechanism prompt engineering workflow | 可信AI 数据安全 隐私 公平性 可解释性 示意图 材料生成任务的特殊性 | 可信AI large language model Transformer attention mechanism prompt engineering workflow diagram,安全合规案例,schematic,材料生成任务的特殊性的教学示意图,右侧 40% 宽度,,no suitable Wikimedia Commons image found after 3 query attempts
ch06,第6章_生成式AI大语言模型与提示工程_100页_Marp.md,89,结构生成：问题定义,yes,1,not_found,,,,,,,,,,,,,,,materials informatics CALPHAD phase diagram high-throughput materials design large language model Transformer attention mechanism prompt engineering workflow | 材料信息学 CALPHAD 相图 高通量材料设计 结构生成：问题定义 | CALPHAD Materials Project phase-field phase diagram DFT diagram,模拟结果,simulation,结构生成：问题定义的教学示意图,右侧 40% 宽度,,no suitable Wikimedia Commons image found after 3 query attempts
ch06,第6章_生成式AI大语言模型与提示工程_100页_Marp.md,90,晶体结构表示方式,yes,1,not_found,,,,,,,,,,,,,,,large language model Transformer attention mechanism prompt engineering workflow large language model Transformer attention mechanism prompt engineering workflow | 大语言模型 提示工程 Transformer 注意力机制 示意图 晶体结构表示方式 | token LLM prompt large language model Transformer attention mechanism prompt engineering workflow diagram,概念示意,algorithm_diagram,晶体结构表示方式的教学示意图,右侧 40% 宽度,,no suitable Wikimedia Commons image found after 3 query attempts
ch06,第6章_生成式AI大语言模型与提示工程_100页_Marp.md,91,结构生成的验证流程,yes,1,not_found,,,,,,,,,,,,,,,large language model Transformer attention mechanism prompt engineering workflow 结构生成的验证流程 concept diagram open educational resource | 生成式AI 大语言模型 提示工程 结构生成的验证流程 教学示意图 | large language model Transformer attention mechanism prompt engineering workflow concept diagram diagram,概念示意,schematic,结构生成的验证流程的教学示意图,右侧 35% 宽度,,no suitable Wikimedia Commons image found after 3 query attempts
ch06,第6章_生成式AI大语言模型与提示工程_100页_Marp.md,92,组织图像生成：应用场景,yes,1,not_found,,,,,,,,,,,,,,,large language model Transformer attention mechanism prompt engineering workflow 组织图像生成：应用场景 concept diagram open educational resource | 生成式AI 大语言模型 提示工程 组织图像生成：应用场景 教学示意图 | large language model Transformer attention mechanism prompt engineering workflow concept diagram diagram,概念示意,schematic,组织图像生成：应用场景的教学示意图,右侧 35% 宽度,,no suitable Wikimedia Commons image found after 3 query attempts
ch06,第6章_生成式AI大语言模型与提示工程_100页_Marp.md,93,组织图像生成的评价指标,yes,1,not_found,,,,,,,,,,,,,,,materials microstructure recognition microscopy image large language model Transformer attention mechanism prompt engineering workflow | 材料显微组织识别 图像 组织图像生成的评价指标 | microstructure SEM EBSD large language model Transformer attention mechanism prompt engineering workflow diagram,材料组织,microscopy,组织图像生成的评价指标的教学示意图,右侧 40% 宽度,,no suitable Wikimedia Commons image found after 3 query attempts
ch06,第6章_生成式AI大语言模型与提示工程_100页_Marp.md,94,组织图像生成的工作流,yes,1,not_found,,,,,,,,,,,,,,,large language model Transformer attention mechanism prompt engineering workflow 组织图像生成的工作流 concept diagram open educational resource | 生成式AI 大语言模型 提示工程 组织图像生成的工作流 教学示意图 | large language model Transformer attention mechanism prompt engineering workflow concept diagram diagram,概念示意,schematic,组织图像生成的工作流的教学示意图,右侧 35% 宽度,,no suitable Wikimedia Commons image found after 3 query attempts
ch06,第6章_生成式AI大语言模型与提示工程_100页_Marp.md,95,合成路线生成：任务特点,yes,1,not_found,,,,,,,,,,,,,,,large language model Transformer attention mechanism prompt engineering workflow large language model Transformer attention mechanism prompt engineering workflow | 大语言模型 提示工程 Transformer 注意力机制 示意图 合成路线生成：任务特点 | token LLM prompt large language model Transformer attention mechanism prompt engineering workflow diagram,概念示意,algorithm_diagram,合成路线生成：任务特点的教学示意图,右侧 40% 宽度,,no suitable Wikimedia Commons image found after 3 query attempts
ch06,第6章_生成式AI大语言模型与提示工程_100页_Marp.md,96,合成路线生成提示模板,yes,1,not_found,,,,,,,,,,,,,,,large language model Transformer attention mechanism prompt engineering workflow 合成路线生成提示模板 concept diagram open educational resource | 生成式AI 大语言模型 提示工程 合成路线生成提示模板 教学示意图 | large language model Transformer attention mechanism prompt engineering workflow concept diagram diagram,概念示意,schematic,合成路线生成提示模板的教学示意图,右侧 35% 宽度,,no suitable Wikimedia Commons image found after 3 query attempts
ch06,第6章_生成式AI大语言模型与提示工程_100页_Marp.md,97,材料生成式 AI 的闭环,yes,1,not_found,,,,,,,,,,,,,,,materials informatics CALPHAD phase diagram high-throughput materials design large language model Transformer attention mechanism prompt engineering workflow | 材料信息学 CALPHAD 相图 高通量材料设计 材料生成式 AI 的闭环 | CALPHAD Materials Project phase-field phase diagram DFT diagram,模拟结果,simulation,材料生成式 AI 的闭环的教学示意图,右侧 40% 宽度,,no suitable Wikimedia Commons image found after 3 query attempts
ch06,第6章_生成式AI大语言模型与提示工程_100页_Marp.md,99,生成式 AI 与材料基因工程,yes,1,not_found,,,,,,,,,,,,,,,materials informatics CALPHAD phase diagram high-throughput materials design large language model Transformer attention mechanism prompt engineering workflow | 材料信息学 CALPHAD 相图 高通量材料设计 生成式 AI 与材料基因工程 | CALPHAD Materials Project phase-field phase diagram DFT diagram,模拟结果,simulation,生成式 AI 与材料基因工程的教学示意图,右侧 40% 宽度,,no suitable Wikimedia Commons image found after 3 query attempts
ch06,第6章_生成式AI大语言模型与提示工程_100页_Marp.md,101,6.6 大模型幻觉、引用核验与人类审核 ★,yes,1,not_found,,,,,,,,,,,,,,,large language model Transformer attention mechanism prompt engineering workflow large language model Transformer attention mechanism prompt engineering workflow | 大语言模型 提示工程 Transformer 注意力机制 示意图 6.6 大模型幻觉、引用核验与人类审核 ★ | token LLM prompt large language model Transformer attention mechanism prompt engineering workflow diagram,概念示意,algorithm_diagram,6.6 大模型幻觉、引用核验与人类审核 ★的教学示意图,右侧 40% 宽度,,no suitable Wikimedia Commons image found after 3 query attempts
ch06,第6章_生成式AI大语言模型与提示工程_100页_Marp.md,102,6.6 的学习任务,yes,1,not_found,,,,,,,,,,,,,,,large language model Transformer attention mechanism prompt engineering workflow large language model Transformer attention mechanism prompt engineering workflow | 大语言模型 提示工程 Transformer 注意力机制 示意图 6.6 的学习任务 | token LLM prompt large language model Transformer attention mechanism prompt engineering workflow diagram,概念示意,algorithm_diagram,6.6 的学习任务的教学示意图,右侧 40% 宽度,,no suitable Wikimedia Commons image found after 3 query attempts
ch06,第6章_生成式AI大语言模型与提示工程_100页_Marp.md,103,什么是幻觉？,yes,1,not_found,,,,,,,,,,,,,,,large language model Transformer attention mechanism prompt engineering workflow large language model Transformer attention mechanism prompt engineering workflow | 大语言模型 提示工程 Transformer 注意力机制 示意图 什么是幻觉？ | token LLM prompt large language model Transformer attention mechanism prompt engineering workflow diagram,概念示意,algorithm_diagram,什么是幻觉？的教学示意图,右侧 40% 宽度,,no suitable Wikimedia Commons image found after 3 query attempts
ch06,第6章_生成式AI大语言模型与提示工程_100页_Marp.md,104,幻觉产生的原因,yes,1,not_found,,,,,,,,,,,,,,,large language model Transformer attention mechanism prompt engineering workflow large language model Transformer attention mechanism prompt engineering workflow | 大语言模型 提示工程 Transformer 注意力机制 示意图 幻觉产生的原因 | token LLM prompt large language model Transformer attention mechanism prompt engineering workflow diagram,概念示意,algorithm_diagram,幻觉产生的原因的教学示意图,右侧 40% 宽度,,no suitable Wikimedia Commons image found after 3 query attempts
ch06,第6章_生成式AI大语言模型与提示工程_100页_Marp.md,105,科研引用幻觉的典型表现,yes,1,not_found,,,,,,,,,,,,,,,large language model Transformer attention mechanism prompt engineering workflow large language model Transformer attention mechanism prompt engineering workflow | 大语言模型 提示工程 Transformer 注意力机制 示意图 科研引用幻觉的典型表现 | token LLM prompt large language model Transformer attention mechanism prompt engineering workflow diagram,概念示意,algorithm_diagram,科研引用幻觉的典型表现的教学示意图,右侧 40% 宽度,,no suitable Wikimedia Commons image found after 3 query attempts
ch06,第6章_生成式AI大语言模型与提示工程_100页_Marp.md,107,文献核验记录表,yes,1,not_found,,,,,,,,,,,,,,,large language model Transformer attention mechanism prompt engineering workflow 文献核验记录表 concept diagram open educational resource | 生成式AI 大语言模型 提示工程 文献核验记录表 教学示意图 | large language model Transformer attention mechanism prompt engineering workflow concept diagram diagram,概念示意,schematic,文献核验记录表的教学示意图,右侧 35% 宽度,,no suitable Wikimedia Commons image found after 3 query attempts
ch06,第6章_生成式AI大语言模型与提示工程_100页_Marp.md,108,人类审核：责任不能转移给 AI,yes,1,not_found,,,,,,,,,,,,,,,large language model Transformer attention mechanism prompt engineering workflow large language model Transformer attention mechanism prompt engineering workflow | 大语言模型 提示工程 Transformer 注意力机制 示意图 人类审核：责任不能转移给 AI | token LLM prompt large language model Transformer attention mechanism prompt engineering workflow diagram,概念示意,algorithm_diagram,人类审核：责任不能转移给 AI的教学示意图,右侧 40% 宽度,,no suitable Wikimedia Commons image found after 3 query attempts
ch06,第6章_生成式AI大语言模型与提示工程_100页_Marp.md,109,LLM 输出审核清单,yes,1,not_found,,,,,,,,,,,,,,,large language model Transformer attention mechanism prompt engineering workflow large language model Transformer attention mechanism prompt engineering workflow | 大语言模型 提示工程 Transformer 注意力机制 示意图 LLM 输出审核清单 | token LLM prompt large language model Transformer attention mechanism prompt engineering workflow diagram,概念示意,algorithm_diagram,LLM 输出审核清单的教学示意图,右侧 40% 宽度,,no suitable Wikimedia Commons image found after 3 query attempts
ch06,第6章_生成式AI大语言模型与提示工程_100页_Marp.md,110,幻觉防控策略,yes,1,not_found,,,,,,,,,,,,,,,large language model Transformer attention mechanism prompt engineering workflow large language model Transformer attention mechanism prompt engineering workflow | 大语言模型 提示工程 Transformer 注意力机制 示意图 幻觉防控策略 | token LLM prompt large language model Transformer attention mechanism prompt engineering workflow diagram,概念示意,algorithm_diagram,幻觉防控策略的教学示意图,右侧 40% 宽度,,no suitable Wikimedia Commons image found after 3 query attempts
ch06,第6章_生成式AI大语言模型与提示工程_100页_Marp.md,111,科研写作中的合规用法,yes,1,not_found,,,,,,,,,,,,,,,trustworthy AI framework data privacy fairness explainability robustness diagram large language model Transformer attention mechanism prompt engineering workflow | 可信AI 数据安全 隐私 公平性 可解释性 示意图 科研写作中的合规用法 | 可信AI large language model Transformer attention mechanism prompt engineering workflow diagram,安全合规案例,schematic,科研写作中的合规用法的教学示意图,右侧 40% 宽度,,no suitable Wikimedia Commons image found after 3 query attempts
ch06,第6章_生成式AI大语言模型与提示工程_100页_Marp.md,112,课堂案例：识别不可靠回答,yes,1,not_found,,,,,,,,,,,,,,,large language model Transformer attention mechanism prompt engineering workflow 课堂案例：识别不可靠回答 concept diagram open educational resource | 生成式AI 大语言模型 提示工程 课堂案例：识别不可靠回答 教学示意图 | large language model Transformer attention mechanism prompt engineering workflow concept diagram diagram,概念示意,schematic,课堂案例：识别不可靠回答的教学示意图,右侧 35% 宽度,,no suitable Wikimedia Commons image found after 3 query attempts
ch06,第6章_生成式AI大语言模型与提示工程_100页_Marp.md,113,人机协同的正确关系,yes,1,not_found,,,,,,,,,,,,,,,large language model Transformer attention mechanism prompt engineering workflow 人机协同的正确关系 concept diagram open educational resource | 生成式AI 大语言模型 提示工程 人机协同的正确关系 教学示意图 | large language model Transformer attention mechanism prompt engineering workflow concept diagram diagram,概念示意,schematic,人机协同的正确关系的教学示意图,右侧 35% 宽度,,no suitable Wikimedia Commons image found after 3 query attempts
ch06,第6章_生成式AI大语言模型与提示工程_100页_Marp.md,116,本章知识结构回顾,yes,1,not_found,,,,,,,,,,,,,,,large language model Transformer attention mechanism prompt engineering workflow large language model Transformer attention mechanism prompt engineering workflow | 大语言模型 提示工程 Transformer 注意力机制 示意图 本章知识结构回顾 | token LLM prompt large language model Transformer attention mechanism prompt engineering workflow diagram,概念示意,algorithm_diagram,本章知识结构回顾的教学示意图,右侧 40% 宽度,,no suitable Wikimedia Commons image found after 3 query attempts
ch06,第6章_生成式AI大语言模型与提示工程_100页_Marp.md,118,本章核心公式（续）,yes,1,not_found,,,,,,,,,,,,,,,neural network architecture Transformer attention mechanism CNN diagram large language model Transformer attention mechanism prompt engineering workflow | 神经网络 Transformer 注意力机制 CNN 架构图 本章核心公式（续） | CNN RNN Transformer embedding large language model Transformer attention mechanism prompt engineering workflow diagram,算法流程,algorithm_diagram,本章核心公式（续）的教学示意图,底部横向流程图,,no suitable Wikimedia Commons image found after 3 query attempts
ch06,第6章_生成式AI大语言模型与提示工程_100页_Marp.md,119,本章易错点,yes,1,not_found,,,,,,,,,,,,,,,large language model Transformer attention mechanism prompt engineering workflow large language model Transformer attention mechanism prompt engineering workflow | 大语言模型 提示工程 Transformer 注意力机制 示意图 本章易错点 | token LLM prompt large language model Transformer attention mechanism prompt engineering workflow diagram,概念示意,algorithm_diagram,本章易错点的教学示意图,右侧 40% 宽度,,no suitable Wikimedia Commons image found after 3 query attempts
ch06,第6章_生成式AI大语言模型与提示工程_100页_Marp.md,120,Python 作业：温度采样与简单文本生成,yes,1,not_found,,,,,,,,,,,,,,,Bayes theorem diagram probability prior posterior likelihood large language model Transformer attention mechanism prompt engineering workflow | 贝叶斯定理 先验 后验 概率图示 Python 作业：温度采样与简单文本生成 | Bayes large language model Transformer attention mechanism prompt engineering workflow diagram,算法流程,algorithm_diagram,Python 作业：温度采样与简单文本生成的教学示意图,底部横向流程图,,no suitable Wikimedia Commons image found after 3 query attempts
ch06,第6章_生成式AI大语言模型与提示工程_100页_Marp.md,121,作业参考代码框架,yes,1,not_found,,,,,,,,,,,,,,,Python pandas data preprocessing workflow missing values feature scaling diagram large language model Transformer attention mechanism prompt engineering workflow | Python Pandas 数据预处理 数据清洗 流程图 作业参考代码框架 | Pandas NumPy CSV large language model Transformer attention mechanism prompt engineering workflow diagram,数据流程,flowchart,作业参考代码框架的教学示意图,底部横向流程图,,no suitable Wikimedia Commons image found after 3 query attempts
ch06,第6章_生成式AI大语言模型与提示工程_100页_Marp.md,122,作业提交要求,yes,1,not_found,,,,,,,,,,,,,,,Bayes theorem diagram probability prior posterior likelihood large language model Transformer attention mechanism prompt engineering workflow | 贝叶斯定理 先验 后验 概率图示 作业提交要求 | Bayes large language model Transformer attention mechanism prompt engineering workflow diagram,算法流程,algorithm_diagram,作业提交要求的教学示意图,底部横向流程图,,no suitable Wikimedia Commons image found after 3 query attempts
ch06,第6章_生成式AI大语言模型与提示工程_100页_Marp.md,124,结束页,yes,1,not_found,,,,,,,,,,,,,,,large language model Transformer attention mechanism prompt engineering workflow large language model Transformer attention mechanism prompt engineering workflow | 大语言模型 提示工程 Transformer 注意力机制 示意图 结束页 | token LLM prompt large language model Transformer attention mechanism prompt engineering workflow diagram,概念示意,algorithm_diagram,结束页的教学示意图,右侧 40% 宽度,,no suitable Wikimedia Commons image found after 3 query attempts
ch06,第6章_生成式AI大语言模型与提示工程_100页_Marp.md,126,3学时教学建议,yes,1,not_found,,,,,,,,,,,,,,,large language model Transformer attention mechanism prompt engineering workflow large language model Transformer attention mechanism prompt engineering workflow | 大语言模型 提示工程 Transformer 注意力机制 示意图 3学时教学建议 | token LLM prompt large language model Transformer attention mechanism prompt engineering workflow diagram,概念示意,algorithm_diagram,3学时教学建议的教学示意图,右侧 40% 宽度,,no suitable Wikimedia Commons image found after 3 query attempts
ch06,第6章_生成式AI大语言模型与提示工程_100页_Marp.md,127,重点与难点,yes,1,not_found,,,,,,,,,,,,,,,large language model Transformer attention mechanism prompt engineering workflow large language model Transformer attention mechanism prompt engineering workflow | 大语言模型 提示工程 Transformer 注意力机制 示意图 重点与难点 | token LLM prompt large language model Transformer attention mechanism prompt engineering workflow diagram,概念示意,algorithm_diagram,重点与难点的教学示意图,右侧 40% 宽度,,no suitable Wikimedia Commons image found after 3 query attempts
ch06,第6章_生成式AI大语言模型与提示工程_100页_Marp.md,128,思政与科研规范融入点,yes,1,not_found,,,,,,,,,,,,,,,large language model Transformer attention mechanism prompt engineering workflow large language model Transformer attention mechanism prompt engineering workflow | 大语言模型 提示工程 Transformer 注意力机制 示意图 思政与科研规范融入点 | token LLM prompt large language model Transformer attention mechanism prompt engineering workflow diagram,概念示意,algorithm_diagram,思政与科研规范融入点的教学示意图,右侧 40% 宽度,,no suitable Wikimedia Commons image found after 3 query attempts
ch06,第6章_生成式AI大语言模型与提示工程_100页_Marp.md,129,与材料科学案例的衔接,yes,1,not_found,,,,,,,,,,,,,,,materials informatics CALPHAD phase diagram high-throughput materials design large language model Transformer attention mechanism prompt engineering workflow | 材料信息学 CALPHAD 相图 高通量材料设计 与材料科学案例的衔接 | CALPHAD Materials Project phase-field phase diagram DFT diagram,模拟结果,simulation,与材料科学案例的衔接的教学示意图,右侧 40% 宽度,,no suitable Wikimedia Commons image found after 3 query attempts
